n_groups,relay_url,relay_pubkey,all_urls_seen
1378,wss://groups.0xchat.com,ad98dd84852786e33eb0651878eb835b242d25f7c0255e6e5a745bf7b6be15c8,wss://groups.0xchat.com wss://groups.0xchat.com/3a31db4acbe65b8cb02cebc9da0a9a1e wss://groups.0xchat.com/dynamo-ivory-lantern wss://groups.0xchat.com/golf-mike-quartz wss://groups.0xchat.com/sable-karma
83,wss://groups.yugoatobe.com,a76bebdb78d558d5f25a6a13a858e48358ecc5dd9616ed64db0d7d23ab9551f1,wss://groups.yugoatobe.com wss://groups.yugoatobe.com/charlie-xray wss://groups.yugoatobe.com/golf-anchor wss://groups.yugoatobe.com/india-charlie wss://groups.yugoatobe.com/india-warden-xenon wss://groups.yugoatobe.com/jade wss://groups.yugoatobe.com/juliet wss://groups.yugoatobe.com/nexus-mike-sierra wss://groups.yugoatobe.com/prism-onyx wss://groups.yugoatobe.com/quartz-zenith wss://groups.yugoatobe.com/raven-xray-bravo wss://groups.yugoatobe.com/romeo-whiskey wss://groups.yugoatobe.com/tango-romeo wss://groups.yugoatobe.com/tango-sierra wss://groups.yugoatobe.com/zenith-whiskey-vertex
69,wss://nip29.f7z.io,7e1eabe25256545cfe0c534a99bfa5c6cd224e04b614182a9993feff54196c95,wss://nip29.f7z.io wss://relay.highlighter.com
64,,00bb97abe00326e97091a24c7b16a412053cd8394a5c2be997798ed53f4bbe67,
58,,3c72addb4fdf09af94f0c94d7fe92a386a7e70cf8a1d85916386bb2535c7b1b1,
56,wss://groups.satsdisco.com,a3cda8aa93454e98a553f1fa096f5f101cba6999c9e3afa81ef3e53d5c9ae5e7,wss://groups.satsdisco.com wss://groups.satsdisco.com/bravo-zenith wss://groups.satsdisco.com/charlie wss://groups.satsdisco.com/echo wss://groups.satsdisco.com/ember-xray wss://groups.satsdisco.com/india wss://groups.satsdisco.com/india-onyx wss://groups.satsdisco.com/jade-marble wss://groups.satsdisco.com/jade-onyx-charlie wss://groups.satsdisco.com/lantern-mike wss://groups.satsdisco.com/mike-charlie-xenon wss://groups.satsdisco.com/mike-xray-alpha wss://groups.satsdisco.com/november-umbra wss://groups.satsdisco.com/papa-foxtrot wss://groups.satsdisco.com/umbra wss://groups.satsdisco.com/umbra-nexus-quartz wss://groups.satsdisco.com/uniform-quartz
35,,e5e569296aa8c653c94cbdd4b752228820f5470e016590b339cd0f3183d85b79,
29,wss://newlay.relay.tools,41e1d75b7541b556f2865e405b936e7d5a706c6178dac564211f704a6c907062,wss://newlay.relay.tools
27,wss://relay29.notoshi.win,e0ee85a63929f52e9555fdf1c4453a24cd9122557e491c18efcaeed655f402e3,wss://relay29.notoshi.win wss://relay29.notoshi.win/juliet-papa wss://relay29.notoshi.win/romeo-warden wss://relay29.notoshi.win/victor-cipher wss://relay29.notoshi.win/warden-nexus-quartz wss://relay29.notoshi.win/xenon-jade-warden
27,,c553997189ea41092c5a2f926a1be77dfb82db5d7b8334f69109de4f9064d0b2,
26,wss://chat.wisp.talk,d9e2be1167486325e4360c0d5bb3107081795ecd92c96ee31bd1248598c69f26,wss://chat.wisp.talk
21,,805efff537b6376991cae73a0b0f605d0aa594b4518fbcca4f6ebb74404363e2,
20,wss://groups.fiatjaf.com,1dd006bd6ba37059b321ec648e606e498bab6db110a11ab85b075b8287726ffd,wss://groups.fiatjaf.com wss://groups.fiatjaf.com/alpha-november wss://groups.fiatjaf.com/beacon-jade wss://groups.fiatjaf.com/charlie-raven-marble wss://groups.fiatjaf.com/cipher-golf-titan wss://groups.fiatjaf.com/delta-oscar wss://groups.fiatjaf.com/flint-alpha-hotel wss://groups.fiatjaf.com/flint-papa-mike wss://groups.fiatjaf.com/foxtrot wss://groups.fiatjaf.com/golf-ivory wss://groups.fiatjaf.com/india-onyx-november wss://groups.fiatjaf.com/lantern-kilo wss://groups.fiatjaf.com/mike wss://groups.fiatjaf.com/november-golf-anchor wss://groups.fiatjaf.com/onyx-sierra-beacon wss://groups.fiatjaf.com/papa wss://groups.fiatjaf.com/raven wss://groups.fiatjaf.com/sable wss://groups.fiatjaf.com/sierra-kilo-titan wss://groups.fiatjaf.com/umbra-quebec wss://groups.fiatjaf.com/vertex-beacon wss://groups.fiatjaf.com/xenon-raven wss://groups.fiatjaf.com/zenith
20,,6bfbb0787eb73384085d86b920096fcfa970770f9478340b2760f74de6371c38,
15,wss://spatia-arcana.com,56002ce9ace5caa55085b79d893a60da0a07bec965c40d2ca2d453e0b226e003,wss://spatia-arcana.com
14,wss://strfry.ymir.cloud,d94e9d166d2845d53381bc4665b23d1c7a28faa6abb52fd8e7cc6482a4117eb2,wss://strfry.ymir.cloud
14,,a99a869e4431d145a66143cbd0b1b0ce6b462b9b90c2ac363c605a236da36cc5,
12,wss://relay.scuba323.com,100863abfa7e7d1c2c2fe76e4dedee77d46d5e96ec84fccd13b67ee52600ee36,wss://relay.scuba323.com
11,wss://pyramid.fiatjaf.com,d3ec99129351430a6d83a2a2494a48eeafc293986a50f3dce5324e8980e21d05,wss://pyramid.fiatjaf.com
11,,385c3a6ec0b9d57a4330dbd6284989be5bd00e41c535f9ca39b6ae7c521b81cd,
11,,c18ba9d9d026725bd2d5acda7f98902863b0799f350691bdcb459f4546fabf37,
10,,a55e335c4537921c7a33e5011011a4b665efe337a4ab2ccb5bd871a9c61d7470,
10,,73d9e19ef07e0d098fc0fc5fb75db0f854824e8b4e43905acce638ddf6469960,
9,wss://groups.hzrd149.com,49723564cb1b5cd7fe0b6006a522303d936aebe8bed6c432d9117197220f9ff2,wss://groups.hzrd149.com wss://groups.hzrd149.com/beacon-romeo wss://groups.hzrd149.com/glyph-quartz-umbra wss://groups.hzrd149.com/juliet-kilo-sierra wss://groups.hzrd149.com/romeo-dynamo-romeo wss://groups.hzrd149.com/sable-sierra-golf wss://groups.hzrd149.com/titan wss://groups.hzrd149.com/vertex-glyph wss://groups.hzrd149.com/whiskey-tango-bravo
9,wss://r.iqbqioza.com,96dd73073f04e2d6adf7cf5cfc9f6f4ff817cb585ff659614e70e1a512b8b1db,wss://r.iqbqioza.com
9,wss://relay.fountain.fm,6538925ebfb661f418d8c7d074bee2e8afd778701dd89070c2da936d571e55c3,wss://relay.fountain.fm
8,wss://basspistol.org,afd7da3f794182dc3433c478c7e19735276faf16057a3ed8e58bf10944161041,wss://basspistol.org
8,,96159b3893d68a5d04ab8e7b86f13228e0e79987e8768b43dfd47dc73e31bcbe,
8,,f9b3bad79fb66ba0cc9aa049c1ccd974a2249bdb5f1f99d9ddb007852269c79b,
8,,5fc31523db0cb6cc86f8542b64ea788aa7bc4c3cb1787c4ef0bde76f88c61ded,
8,,73c6bb92440a9344279f7a36aa3de1710c9198b1e9e8a394cd13e0dd5c994c63,
8,,c46aa64c6339496ce80f69f62af1325e8e04a0b86bdb1de3c93645214a72467e,
7,wss://object-pascal.spaces.flotilla.social,f553007ac86484907bb64b3091269018edacc58933ac7a1bad00dfeb42ff2ae6,wss://object-pascal.spaces.flotilla.social
7,,13bf883e518ee90d31366417cda40e9ec0d953b3f2fcabef5cc90a3e474a94f6,
6,wss://relay.zapclub.io,b095f4347bab926917ccd36f371d1741e71d99079bb30562c2227dda29e0b8b1,wss://relay.zapclub.io
6,,2cea8e744c7d8b4ec8de5753c5cebadfeae7a0abbaa2499980d3740182d6444d,
6,,b8a9e7be139c26dfe45de9df2b48cb64945ad5bc74bda536c61a725209aefca7,
5,wss://budabit.nostr1.com,d04ecf33a303a59852fdb681ed8b412201ba85d8d2199aec73cb62681d62aa90,wss://budabit.nostr1.com
5,wss://bunk-test.feeds.relay.tools,26adf181258c29e81c43735e9dd79093d685073328485c5550a0686418981e97,wss://bunk-test.feeds.relay.tools
5,wss://inner.sebastix.social,a7eb8943842cee038373799fd9b9062d07b7a63650cf87371bbbaa8b8458d69b,wss://inner.sebastix.social
5,wss://mihhdu.org/nostr,bd658a7813f09b127296c4c8277c9b90891e004a9b13370ec2e79d285c066ef5,wss://mihhdu.org/nostr
5,,52623aecd77c85d99551d17c5c8d688abd0c140a7e08588d6ec01a8000af5a41,
5,,2798982ffb0ccd0441e3eb2bb523cffb715ef132141e36de4c5bc5283526e55c,
5,,34263017d8d671ee904fc5e1e2e28c8358fb0a689b97a039b1c384e3b68c58e6,
5,,dfeeef3e4f656b6a2f8eabe7a15b4231705983533ece667f8d2f1d481aad861a,
5,,0c58bf3ac918dac03147d901a7beeb672ce158b47449a21a7a00911120bba2bf,
5,,e9a905e31d6c3c0972222bd53cf271f291794d6842dd92e71530e6a400e81f08,
5,,6478618363d1c5af45b630957849366cfd854a8f876b162a6c8783447fe22f58,
4,wss://frens.nostr1.com,7fa56f5d6962ab1e3cd424e758c3002b8665f7b0d8dcee9fe9e288d7751ac194,wss://frens.nostr1.com wss://frens.nostr1.com/cipher-mike-mike wss://frens.nostr1.com/ember wss://frens.nostr1.com/flint-juliet-dynamo wss://frens.nostr1.com/glyph-umbra-papa wss://frens.nostr1.com/golf-kilo wss://frens.nostr1.com/india wss://frens.nostr1.com/ivory-raven wss://frens.nostr1.com/jade wss://frens.nostr1.com/marble-ivory wss://frens.nostr1.com/onyx-bravo wss://frens.nostr1.com/quebec-jade-hotel wss://frens.nostr1.com/romeo-lantern wss://frens.nostr1.com/sable wss://frens.nostr1.com/tango-yankee-cipher wss://frens.nostr1.com/titan wss://frens.nostr1.com/umbra-foxtrot wss://frens.nostr1.com/vertex wss://frens.nostr1.com/whiskey-india wss://frens.nostr1.com/xenon-victor-november wss://frens.nostr1.com/yankee wss://frens.nostr1.com/yankee-papa wss://frens.nostr1.com/yonder-onyx wss://frens.nostr1.com/zulu-prism-delta
4,,52b38b2e7e93de6f44ce8cf7e3f8367e9b0f8008cef8ee70e6f9fdbf8d917a4e,
4,,2c0b7cf95324a07d05398b240174dc0c2be444d96b159aa6c7f7b1e668680991,
4,,9590e4369b18ecaf34137d4c44e6ab446b891cf0d9a1c278c70040ff358c7a86,
4,,94ffe478e9aa513ad3ef36b9e6e33de800f8e1fa1dddcdc2c652fbfdb19bf098,
3,wss://buzz.chrisdoc.dev,8e5c67514b6d21cdc311a5e4124af84ef2cd254d1d50ecb2b71859e4c731f0c4,wss://buzz.chrisdoc.dev
3,wss://relay.spacetomatoes.net,e6ce2bf6783d201ad350224f9725f1a6d92a9c22c4266823ec658771d6ce350e,wss://relay.spacetomatoes.net
3,wss://squalk-pyramid.dtonon.com,3ba36fb231e384e3e957c900d5f93222496fe5cf6fef06291e55dc849a8cf0b7,wss://squalk-pyramid.dtonon.com
3,,e18f845ec7a347b05858c8d63b938ddd2503d5c2957a3137b1f337be651ce1ff,
3,,384bf4148732137298e1c1ec11b4f6441b6e73fb055cc6e71fa71bbe68506737,
3,,51bdabe50ea39d1fe04ffbe1fd71cc78ebdc51a5a53f4cd908ba6b7a590733ab,
3,,d8e25a7c23841d9e203e12063f76c0ef44772b4b297eddf232ff330ddeb09bb7,
3,,8310696a3ae8982cd05daf0c528c8d399b638ffaa1408afeb3b6165028f65de8,
3,,03acb388e39eaacc73c17f9ee65673782defef55647de3e450fcbe0ea0a006e7,
3,,556d290d5dac7a9b038eb3406e982cc103c32629a7eabe4d72463fe32ae4ad28,
3,,5afc2aa51ece9feaa12c70d21bd9336f70df03c92c52f0f14da90fced3df0481,
3,,16e2c2ea63147202db87e083764dad5d6d5791a148be0ec436c37d7e1e8b693f,
3,,cb295abd2c37fef7a91c0960b19aa9894004183b0cf046da68a0ca7d2eb164c5,
3,,d980d4c8b0c3e80dc7824a1327cad4ab9bb21b6f6093a4751f3533e547ae48e1,
3,,621b61c977f479ed1bfffa5cce5363d98a8bf07c6ed5b459a9bb36238e9d2061,
3,,79f2aa7fe17270f43482c0ef53b34fd9d5643786681b1b5147d1cd2afff1c8c2,
3,,56f32eee94354777fffd88b94208bf85c45f0273f56cc21cd45ff0b0de000e95,
3,,8cd48294c3383698790474e57e4f87d104fa82e68918795ab0b036722b43b463,
3,,8f1578e14be6b544f28c164caf74a059dfa9c38a41df730ca9c8b992c5022db7,
3,,d1f71ae0f9f19678451665c627c9fa6efbf35563d5aaf4fcc77ed68e52814cd9,
3,,f539cba587d96f6a29ab5ab2563b522c8bd90f45898363bad887a91f941b5e1b,
3,,f72f13bf887feeea1b91f35a5923b30749b049eb6867b0bafabaa595cc3f4abe,
3,,3834ef40e119dfcbc876c29b2f41bb677e659a600256c7bc4aecabeda7eb3a07,
3,,2d19ccc88867233d59797c59b3ff659939a5171760bb8b03376cb3f9f0676cca,
3,,6b4d418aa27f19f800e9c045746b64cb48af39b2d07a4e1b542c0082745671f2,
3,,6c1ca2cc87853c37a9139caad0f6c1f91433b81baae8a46f4cb80e1aab6c8b3f,
3,,cf208453d5d406498483bff7c198645405efcb930c0c31bbf999aa994394b708,
3,,4cc9ce67408998bd0921eaf557143e95643a674fe146cd182cdf679333a5855e,
3,,470b3a3c546fc0f4039c2c896e3dab303539cc5f9cce56114cab5f47508a215d,
3,,d8ae66f39d0df9c1629b43033a8015d3ba30272b422aa98beb23fa5e5d98b3f6,
3,,9890220339dbd2c310fdb050cf61ab191ec9d1b3ce055d07117c3daca587489e,
3,,0ca95ae8be6adbedd5baeb2c0ae9b4fc67ab38bf9e7e278e6e5d982f1bf4f0c9,
3,,0621c0c554d8ec6a9f7e1da1cdcb2fdac5e4355fe78cef8746183fe9908b1e0c,
3,,0073382900c059afa6aeefc9eaec044e0293007c6f218b5847e0f3780b5600a5,
3,,e4f7437e7998f145f8afde637d4ed0ea5ecd4ba36e2dac5d091e6fd79ff1827e,
3,,63ec9a242f5f54cd071d459983962a63c4fdd3040181d22923c8f1e5f981383a,
3,,22aea6502c94a85a568a40e49869cb190ed8a8512dad18bb7ab5ee2283380422,
3,,22e021db6f17385a48a3d4d79223d6abd3124a5407518c9764382a7c616ef1c5,
2,wss://armada.dreamith.to,8251625ff5efe4cb72f35e5432f14d6e066edd33f899511349a04289b530162f,wss://armada.dreamith.to
2,wss://groups.libernet.app,9256a058c9441dd51c97b82a9754b0e6add2f7694db37078058becf83ed0b0cc,wss://groups.libernet.app
2,wss://groups.sharegap.net,edbf1f9b4b2f85d17f13f63f5e07e2f3fbbffe0466b2b7d2021104a6902a3da6,wss://groups.sharegap.net
2,wss://pipe.imwald.eu,b026b2bbcdeab1bcce5861688019b4c8349473dac318e303d2dc4502564f5053,wss://pipe.imwald.eu
2,wss://pymd.kamp.site,762788c8a8d45bfc132c9b886f2512bdb4222a517556f3a510efc786d15b99f7,wss://pymd.kamp.site
2,wss://relay.littlebitstudios.com,0539f764f63c001f8c577beb320fa2c40dc071928938a6a223297739c4630eb5,wss://relay.littlebitstudios.com
2,wss://relay.mynd.my.id,a82a8dc547229d01483737cc7694211752226841e271f76e62f636fd5ee0c92a,wss://relay.mynd.my.id
2,wss://relay.zap.stream,f570c2259560d8ffc98dabefcde879cf5734bc6b32dcd040525a8e1f4c3231b1,wss://relay.zap.stream
2,wss://support.flotilla.social,81266289e0ce093b72e040d816118624ceb741fb110f7e2475827dac55823584,wss://support.flotilla.social
2,,32d1f28407f9be528b0bded28b41410169a4ffafbf32c0829798a90dd9fa6bb5,
2,,395434a2abdf7b674b9fb0dc470e7e7cc1892f83be15c1a8b1c7780d8a9f50d0,
2,,73d985427ffa98157200e1c2534ac03781a5175bf5e721cd4db0223c5e026b67,
2,,d88e847e327b5d753d4bde697ddfb5e0dff73c2e114bf630ada99a58f02264bb,
2,,f6b1203ef7ae1d3aaf22eabd4e1a78793e17a5d0960c87b87a5d7359998f2a99,
2,,6108aa4124afb988bf53c79fc7cf44e6c2277999c6062106bb3c214bcc550d16,
2,,1fc679049e30714e17c153cc5131a7e81b72aecf7a3b4858eee239f2d0045394,
2,,c9cd2704eda2ce36e30d53284e8437fb9106775ffb25dc0a8d1915314e0c78fa,
2,,1a034301559d94a8d4ac409a1178bf3fd5171979fcbe4040b58be2fc6bb99469,
2,,3a34cf83d35dc9bdea706da384e5556271a6cd61cb69617db6a8b723f5bbc16c,
2,,d31f98000231801e1aaaf0fd92f9bc2eaea0f112a572fc9a13ebe09eeb6544f2,
2,,139296e56a5a21a2f13166deb88b0e73990b38f1d5dd1912633a9e38aedcc34d,
2,,081d5c446e77309ff5a396cc13a4b136dc844338579136c90d1e3f0d70e87027,
2,,ea2fa74716336d16daead95678a3fe27a18c69632a92c089f832c0325696d42c,
2,,15493b186e634aa66fc5637ee5115c7eeeebe65609c5d8cd0c9b7f0d08b3dd0b,
2,,6106ee36530fb546d9edcdab39caa5c14fa159a0a85044799095ba9ca37e908b,
2,,98e5ca0b3c8bfa0ade07e11f3a086987f4590e43577f6b9d903440953165d497,
2,,6cbc6befa29048c79000688c6dae2c4bea877ec1e5aa6d83a514694fcfa68da6,
2,,6252150f083957dfdb057a02f6a108a910f2d919e539916c2b0d9e0b4cb6d657,
2,,8215eea7f68ef85639f6b28b11841b2420c156a1725b9ae77d9e749f3c13373f,
2,,dd24948d2c90d248ff9031c71828b4e86c583667b6bcb7cc2bdb9f8cbd22ccfd,
2,,285314c8c025115180a57a495a5dfca5b517e74c4ab9fceb0207a856732abe18,
2,,cebdd42b29f4ff8a10e8af3a148fb9a413d8bb07cee970a33122d4b9f05f328a,
2,,79023e27d699a7bf2862a22d4724069a141b97051d4b7fb85d59cb6e086024c2,
2,,774b546770b4e531c0f25c9a8c0a3492a536cdd4bab5beae194d693cc05361ac,
2,,082478aa79c444097f999b4a30e0c4cf3cd8d6db8b3d60cfbeccfc0f661c2467,
2,,b005b7ae9399de66795df94c96b795544e625a335d1c1ff0c4cf1e5691253739,
2,,5fb8875bc4c3973cd46c75d635086d57c4503100f8509cd2fe615ed086e6dfc4,
2,,c1d1abdae7a6c729370b5a7c3f141c567b1572db2c1fc8a4b2d9533445882017,
2,,62e0bb7664aceaa1d308e2d89e9e3a95cfcb88c32951069c3f06632c52e9cbde,
2,,feeb965a576e778045f33045ee92d9522773235c4be22736078b10e0b89d5980,
2,,502069150214833890f70fd3dc3adab4e5cffdd1186efe2af84f0fa24873d4de,
2,,098069abf1ff3da3b0b0028b65465f990df692319796894387db21cc9edbcdfe,
2,,334006c5d8fb2c35bf809364c91955f33b11408de95df47f9f22c1f3fe610189,
2,,e95c17a9b3535c27dafd4b4bbb263eddb1cd2d4692ee945b6e523c0740a52a76,
2,,d6679c4b00ca84d7f6e295baee5e7966da63331facc2448756b6746872668eaa,
2,,daf0812f9c0d157fc31bc205d68c6187f480b1c75874a7177264ef12d566697e,
2,,459fd777db153a6dce4b400a0405ca1a3e277b8829904e9dc3181640a75a836a,
2,,45fbcd61fd883d47f2aaab25432ecf49ba0bf2829fea4b526e98c202a5e59373,
2,,f9b47aaed1d1cce2a9ec5283968ca1668620fec52db97c8785c84959e537850f,
2,,bd8838000b44156ece496278b72412dd5f9ab0f4e35f9cdd564a2ffffdf7b1ef,
2,,b1d88e6dba79ee3a94df0043dd799ff2c1ef33b6258cc86ecae80917f60af6e8,
2,,72d8935880e09b62461d80074dcffdf68d516f6fb50311c997b078e30ffca231,
2,,5c976a9d131cb7ce001662e2a20ce9ba65b087c6d116c62246f7b7a13e8493b9,
2,,602469b30e020ef8c1c0bb2768c12e30dfb320c86604c29bc1ad5d8c3ecdcb16,
2,,76c71aae3a491f1d9eec47cba17e229cda4113a0bbb6e6ae1776d7643e29cafa,
2,,781d1867c8b2f01c8d999ea4c322cb627f79a123f5672af8742b37bc25a77784,
2,,7b1a2aa46617ff4d97a0612d2c260321af1415b9585caf6ae18ece651e34f639,
2,,365fb1223d8af225dd36bc4d9e9fe3f30ebfb803074da0dea330aaa08ac7d9c6,
2,,611021eaaa2692741b1236bbcea54c6aa9f20ba30cace316c3a93d45089a7d0f,
2,,4d249d6035270e73d79a3b485064ddaf5c7069981409b8b4e17a8d69f70b50ac,
2,,4ad4cd6d63851b9efefd4fc66f334e6ba62b25c635ae9166cf36aca23450d314,
2,,79d4fa6ed3ba9dbe40283d12edef11d36b6cda8063a75d7c5452534de9346ca3,
2,,7e7e9c42a91bfef19fa929e5fda1b72e0ebc1a4c1141673e2794234d86addf4e,
2,,68121a41ddeca140f344206a8c18734bd738e3eb69d32a652b99c2cbef13c48d,
2,,89eeeef04fe459a430d1c6eabb7f7f8dfd675360dcb637f3db1335896f006fbf,
2,,4a87d0d66bce8d69174b1045536d38689b2386816513d33a45ab4af462bafc55,
2,,14e161c560ffdf201599acde58fd2d22fd6b699b13e0ed4d7d77d74b3a517837,
2,,aea377b902a33a417387ba8fb6f37121a7fd8184e93b39575ac94f0a4d95865a,
2,,30ceb64e73197a05958c8bd92ab079c815bb44fbfbb3eb5d9766c5207f08bdf5,
2,,80c77231415ae664545e1d318dde3b3b7be2a12843c2d962cf142b8be5e755d7,
2,,265e03bf1a62908d846c3556840ee4e25f4f80b7cab981120bc0e91613d720c2,
2,,bfc931f672e1f87d8b509d8678311e9837995060327341562286874203cda079,
2,,1eb36bd6a29bc2b1a640b8c76110661ef12ba8e231babfe4596614a7a748dd6a,
2,,d69f10a4d525806bc0775b048edf46a394db6378b896b20f8810aff693ff4c36,
2,,c20dd644e0476328e71672489a280c3ebb17c6304bb0f25937802f1e5135a438,
2,,382557a6a2a0868b7ee6d0c752bcde77557eff441b5cdec9f38db2228b150fa5,
2,,f1ba903f0aebfacefe5b0576ca9d83e6b868804392347cf66a2d43653b9dc065,
2,,3ab4c8ea97cd164d17f68990c1006e21e87f31a919a7013ecf2dae2e416938fd,
2,,66e8514fbd787e5bf84ec04414b848540a05dc169b4db74fec8693eed61565dc,
2,,53d7309b676bca328da622823f69a97326b96c77277d3bd52d976dff0dc30346,
2,,8a9a38af6c24a0ed74edf57788173d86f4d0fabef52f5941763c386e52ed57b1,
2,,ad91effb3d292f55712272b363d3081095af9cb9d80ae0aeddca7b78d682ab27,
2,,a908aafee297cab9dfe408de3a94ef06b3e67498c19d9a5ab6f36d3fd86f4732,
2,,a0b05c06484bc3de9107020ccd00a56c7654cdac445a234cfad739cf520a5918,
2,,d579b858c142c835062b2feda8a4abe31680d7bf37ee3707129e0475e7bd70d6,
2,,d66cd2f95f48f237bdd43be01520dd08240299f9c0627794b369b6a3391fdfe6,
2,,f4c6649ab1de9183f71f004160a319f4b779f1f1726a9e4649dc83ebe66a922c,
2,,ef8fc71c7bb2817d71492ccd59b86b0b8d0bed493353941a8d8423b326bf211f,
2,,6adde1be3519b64380ce759b69a72cf4f4bb89dd22f88e16e3e2d279fea36b63,
2,,b451051102aa6c6b0fbb1b1968fc251082c94ed4d38efceb16602f3be4b8dbd0,
2,,0f947c00d5bd220c114de02ed6aba449b1774b3eea6019a74e374c9567c46b3c,
2,,0105129d66049a126994848b180a239f2548ef0931fe585f78240a23469f1a18,
2,,5d174143990b20e27ffc5353442ea2661a948bbcb0407ee23f04961497a9ed4e,
2,,59cda2cc19810a67ad61c3d77b0ba090a6e1a4a788586db1031d250716b378c4,
2,,666a2fdd264c423b64fa443c72a514a8fcb9366149109a85c131c845090ae8a4,
2,,73ba5bd059ac8f237ee73a71aa016bdb241c7f6155af27c947c8b3caa0dc7b74,
2,,124d88a34f3e011f694b286b237cbab557e286da393dd834764eaa52488a92db,
2,,932614571afcbad4d17a191ee281e39eebbb41b93fac8fd87829622aeb112f4d,
1,wss://abc.spaces.flotilla.social,8503a95a1dede385db78b741b4bf77d37b61421d66132934c06e8206aac52831,wss://abc.spaces.flotilla.social
1,wss://czas.plus,ff6f1d78029fe9fb76012ea250b2e40378444ae126321ee7c75a318ca5ac465c,wss://czas.plus
1,wss://kasztanowa.bieda.it,f9ba478cfd3b6134b4316a31aa7683067fd73c1c6215a8d33a824090391c97ab,wss://kasztanowa.bieda.it
1,wss://myvoiceourstory.org,7b58a9c4194d5f0c3809b5ae3643cffcf1eb49c11d4e2e5c5147b468abf93f3d,wss://myvoiceourstory.org
1,wss://nestr.nedao.ch,309d9509a645583df2ec6d96506991ead80e72545af1473860729a1e9d18b3e6,wss://nestr.nedao.ch
1,wss://pyramid.self-determined.de,035908f5e9423761f02ec2b0995aea2474d2a0b0531d27bf23d2174794569593,wss://pyramid.self-determined.de
1,wss://relay.checkstr.de,0a8449c2bd475744baef92747d18180bc8c1cfe3ad4a785f9ef2f81f26587c6d,wss://relay.checkstr.de
1,wss://relay.cloistr.xyz,ac16282f720514d926a57b5c13f02d1f4e32bd6fe3e00f713f50964571685f62,wss://relay.cloistr.xyz wss://relay.cloistr.xyz/anchor wss://relay.cloistr.xyz/charlie wss://relay.cloistr.xyz/charlie-warden wss://relay.cloistr.xyz/cipher wss://relay.cloistr.xyz/dynamo-onyx wss://relay.cloistr.xyz/ember-zenith wss://relay.cloistr.xyz/flint-sierra-haven wss://relay.cloistr.xyz/haven wss://relay.cloistr.xyz/hotel-ivory wss://relay.cloistr.xyz/jade wss://relay.cloistr.xyz/juliet-jade-kilo wss://relay.cloistr.xyz/prism-golf-quebec wss://relay.cloistr.xyz/prism-lima wss://relay.cloistr.xyz/romeo-kilo wss://relay.cloistr.xyz/sable-titan wss://relay.cloistr.xyz/tango-jade-glyph wss://relay.cloistr.xyz/titan-warden wss://relay.cloistr.xyz/yonder wss://relay.cloistr.xyz/yonder-november-echo
1,wss://relay.dyne.org,0623de1b0b0986e7098218331038786fc60fc5eb925bbcef2a1cef74c3debeaf,wss://relay.dyne.org
1,wss://relay.kcbitcoiners.com,d5a9abd474b45bbe70320592897202687227278b09ecf9c3e35cde4681539817,wss://relay.kcbitcoiners.com
1,wss://relay.kubo.watch,c1d62cf50e20c61849f9e7a6c31d387ee02ba8dfd9b550ce41dd29f19a960f71,wss://relay.kubo.watch
1,wss://relay.nyves.nl,d93efded6eacfba6eca951b6060b636b5c4bd8e9cb70d447fff083b7ba777b42,wss://relay.nyves.nl
1,wss://relay.og.coop,a0a4edc80825e773755f6ddb4b5348673e84435f92397c5e736655dbf0802b3c,wss://relay.og.coop
1,wss://social.fbxl.net/relay,0a0a065c215c38cdb0d0698731eed9a310fdba77963a298adc32213fe0dfa117,wss://social.fbxl.net/relay
1,,00ba90990d6708944b922d0963b3ebd4c04926dd0c887b86a1a5039a7bc83986,
1,,03125e3a077a726a963fb947ac914d165c081c49a3efddfffa3399baf87eca5d,
1,,0319cdc0859bcc79f5542777a775c614f82be1a042416c74851a7f13766164e6,
1,,0b39d583a83db692ed40cfe88b1f33d15c3742c6aaa061dbb8767a2b0244f7c9,
1,,1642183d6383d7e643ee05c1b7a7e9eff68f5737e2ee9775cde1cf63d025a282,
1,,18283348520f00e6283251c5a2a7a86fedce3ab18d1a796dcf84abd7f2da1ee3,
1,,1baf936e8d8e555946a82d232e48eaa02c4345b356503c3531315fb94a36498a,
1,,1d05184e0c07114657631c96780817234d44044dd79fd219f043627b371db683,
1,,215d066471761042300ac273d6167d09346ad9746fa0e01d4b20d4b28ac8f5d1,
1,,37896c4a936407e79f4b9baa160114cdf05ea9ad0dcf750fa6f63715d1c86dce,
1,,37d14f64f036eb269b0eb9e5ee3a5f63dcd9995c2a849b0f572d6131027f8ca3,
1,,42a22274b979e6a88f75780bcfa539b1a254c63260a55f228132b004be3de0df,
1,,4c5fbaffa01012a1af0895a29a135bbb18b4cb0e1b97b0807f16bb9d8204a377,
1,,5a046afadcefc6c83863f3617f2f2bd7554984d7e644db9295e667d275dfce4a,
1,,600ed8ae42b1965bd8d604aaa09b3e5dc14f248a56bb3a3003186aec4a582aad,
1,,62361b92488be103ddc97345421bbf6c7197b3d9d1cb80e2ebe4d750a26d5955,
1,,64cf2cb3103b8e4841329b0b62a9e822c7f338304293937b9e2bda1705f00d44,
1,,6b03a7c3fbdc855d2a799e26f1db0262c245a1930126d99565debebdaec25139,
1,,6ff8445759a0cbb58c8206ccfb9b8baa1fba954622b595e26473758787b23db8,
1,,87ba5faa3289050e35dbeb9a603949d35ab54bb507f00f73e2eb31758d2db925,
1,,8ad7fe5a51d09e05d0d7b67c5f22ed189d9eea40af9a8630754b3605f4d59a3c,
1,,91d2561bf773765c35a116da5cfc8e90d30e9a6b85de8b5b5552a04ba5bf0bee,
1,,91ed0b40e60b5fb3a961d1a83525a9e2e26793eb129761da28055c3fafb25e06,
1,,98c3091b44c97ac630d179fa0b64b0796af074c1f99547e36adda701f0d027eb,
1,,9ad2920cfa1c0913ef8eac3d6d5239d0488df519fba06ee51ae50b061165a5de,
1,,9ae60d70ad65601607f0655db7103767e6f0b1afc0b2b0c8fc47d23a12b7a0c8,
1,,9c5bc8ca642aa8a5852544181a585d7ae568a72b488c2c4cbea89470431394eb,
1,,a31ce0b3699b3ab61218cc68746adb87b04ebd89806da838d87c2a5c1fcc8ff1,
1,,af2998c985507adc7b663ecff87e0349a92e9e7630128363db90dd955133b721,
1,,af83c0ae62e0ad19a539c0c4cd7c1ad2cb91c027e93946460ad7a84210e46b94,
1,,b6ba8f571cf043adc4cf609898b2de576196cb976977ac46d9a871e979493e84,
1,,b970dd51d3572ed982d8a026185383995251c0056eaaae4c66819ddcc67b8b94,
1,,bf0794b0792f7e43c04ba194af8ae8234ac8318c6f50c1dd8f7febbcffebd54d,
1,,bf76473d89abf4cd73f28674fea0ab574330053420bc5fd6334fad0a483ec810,
1,,ca6d0766d743bac57b6eb136c3221db82c6318f3375b05af322b47ed9e677905,
1,,cbac51080b81998f3a0368e7ad88c0e98d8903107d88c51014d7dd8ebd145fb7,
1,,d40e5a5f2d3c6f6a117a52287528b4c07634e3b18517ccd9e39ed31f436db366,
1,,e141ff9de93ec4aa5fa795e0ca71a5dea4fefceca9e9d1ee5e39e2f1766b27ac,
1,,e8a719fc72fe3adfac647a9706d03d59cf73536e562cc68906c5caf026ace12b,
1,,f1bf84cd2329703680fcd3bcd276cb6ea88f7e3bbc94fa0a39052ea38b4e9370,
1,,f22e1cdbaca68acbe236b2571ce252083ae8d2e21d195cf763a730f2f44cc34f,
1,,f58ff8a9ead665d43fd304f0b32a816c8f82bf6994febbc6c77e4d6c2953f634,
1,,f72299ed9a07a30b528ee16b00d648f6473e6229f840959ef7a1227694b34b7c,
1,,fc3c2b9540b3b75b22e33a03d40f6257411b032d8dfc4734902942925954f24b,
1,,2c84cb0dc136f6f752fa304ace17803fdad5f10c53062d63e8f9890ea60c13cd,
1,,52b3c29a7c9fc52c31ce2c6c7efc1eb97c462058869457dd509824533f8aedf7,
1,,69693ff04c040bd7e4742606381fa195db5810b469ee8c02802cb4a1f3327f2b,
1,,6e566cc77929452bd245f53ecc193a7e25332855c86299f222acde5740f0db57,
1,,9c67716c499c52ec00033091867266fb720019175d70f179d66c4f648ad283da,
1,,a9480917723e484e104f00ea85f3be951d509e22183a77e01ba3cf3126b89ca4,
1,,aa758389d26ec4ac316ada45a9c4d064be1e4aac5404a88231e061a0988d2bcf,
1,,bc7b36eb7974d0173dc99f279eba1def8342022ab46f68526a4848450955a634,
1,,da0fb4cc6f883a58ba42c3a66adf943d48e7fa8d5919cc0c8da2287935dbc501,
1,,e41ad39ce9bab2e0fc7a9a693fed17a6767e87bb227b390028f3ff5a972e864f,
1,,f6db36f1bbd5d49c3aff09b2a73ce76316b74b49acd16e215a5169b23c1e28d9,
1,,9844e63b96d82eac875755c901125dd6f6bb84e847fe9cb3397341218a5f31a3,
1,,c3d20e43436d130c953954ef73f759cbafa2e119b7ddffa5f21fc6fc3cdacf59,
1,,cab0bc24dad0c8a4c314d45c121df42dca5d279795c87fcbf89402a455853a8f,
1,,e5f3d95ee10a5ce3a6d254f647cd15f0363abed682a3b7f28f7bf23cf9b9202d,
1,,fb5b7aa7533b20c8f384c0ce1c68f6f647c14a56535fd49930d8811e7b1b1976,
1,,13e5bc1513fc72c8b326ed425af92fa919fea521bc8667b51b39ffdaeedf7310,
1,,22bebd344b15daf2717253f77853ea02d4453f7533879cdde0febb71b3859fc0,
1,,24d439a9251e26c0e59e1a2dc917a30990fd43e7c5d50589d6b9452d4c89c790,
1,,4520f82ea2a89324743e419a9d361d183f1f9516b9d546520fd3a2ba585d98cf,
1,,a3d580fc6f6d22095b4b4616737d87929cc0a57ce283b174900eef11f1673012,
1,,5505ac0a5adb75c0e6b0a4ddd99766df27855ff2e8f23d58e6e397c98da20363,
1,,694542eec304c1a0bf554b3f9767f406b560b64a6f65649ce96c1a232056c8c7,
1,,7b52bc854e5bef5885623baa6d2eb1609c7050e13c8f5f6c333209b26ddcfc03,
1,,833ac438e955ba99b3c51452e02163c0ad691c7e284137b8db64efdc9343d916,
1,,002ed0b8e27c917bf52d2986a17b1be168295d7a6daa2e8c20e5c00b4f0789a1,
1,,1d9d4f4a0fd39812aaf6b513b81eedb13d8d972f3c416812b2651516ce88b60b,
1,,50ef58620c43654cce6d861052738aec0c212ee2db5a18ed0c4c92ea337e3bfc,
1,,785b7d3a2450347e097ce61649aa0e0e653e9290b0b9b4dbc21a4937b370015f,
1,,e7353c04d69655cce9367a061103e559bfe1479127ecb75d1b01fe00b61d3512,
1,,aff35cb35c6d8668e76a47b84ab4c92eac027535cb32f0d235f94b5880bb1985,
1,,c37d50ada5b405ea3ec97ae428abe0df3374df62e3dd61cd7efb35154b69bc09,
1,,cd4c2d7776d61d4ceb09a7f08e794cc4630d8ff6d28e2aa548419efa9bf44aca,
1,,f9cb8b9f7e7805f8abd08fa80347e14676ed4f76f9f945a728e34cf230cb7f72,
1,,906e3c0dfb51a468c23d0c5ed824a4aa5fe54e85457ea13d83af817c407cd645,
1,,dbd08b92b50909f461fb972733245ae70f3a5f0814ab6074e28b301a9429676b,
1,,30875f0ef92b4d964c58b7bfdf517ebb197420515e5210a8c0d3875f6863b631,
1,,d2c6620cc3cf5cbf80eab94622fc70392ef99220e72a4ae0847b8e65b0d2a558,
1,,687d55982d33a46fc4816d8e7116b7d41a11f5329321c407d95b82caeb187ce1,
1,,9f0afbd180e1846dd064577bab79b0d301fade9e9a7b96944e90a557c2062007,
1,,466cc5c58d64560b1a6fca0e2ac61310d71f1cf12b82731d117924751429ef44,
1,,cc3d80c8afca8b2d7ed75bd10dfa27a980e4362c5736c638f12a8efc3a500e35,
1,,cc933f39daf5d6c20baf5880457d0aa24c4631002948535d9fac10ae22d3496a,
1,,112a3601506bf3555fa6353970ab97bf7035c8e26da43c7d58792fa664b10dd7,
1,,47c7f59df9ac906dca4ba2a6d53a941d0365dbd51658c359e76eea094ea1970a,
1,,f8f31feac6df6062e93cac1d8a8a7743111b78e8bbcb14a849dd0c9b8604f5e0,
1,,28edf3794ecaf533c14999bb785f23d56e41e78863dce0e909873d882b2122c1,
1,,4ad891a599d03396b230beea75f121436e8aa633522e1ef6ca350a8baefd7ef0,
1,,ba07f1af5795bf15b306746548a70e68dd6628d036f9b10731812fd64665dcc3,
1,,244e3f5947236edd4c18f0cf1a9b9796ee706c3008c85ba13885221d22089b58,
1,,b45290297fa4562bee7f87fd5cb73b89764f62ef4f951e582215d8094386464b,
1,,0a65f22a951ff5f2ab4b6d21a969799b562a6c8938e66738e54777bfd196544c,
1,,678d84c814d291434cbe01c80bd2c1055bf04f638098030a164df7c909f91d8f,
1,,9ab510405b94c53a9c6a7cfaf9edcb5a5643a855f81ddf4124a66dd63f06b382,
1,,02d08b9942a5b71d8c5ab7ab7f771aeeb1d4f9562808129718da5e885054993d,
1,,99821d8b440a4adc457cc7a6fbb239583eb72279f0bc1c44df792a6ae1b7c05e,
1,,d86563ea254421272c30f19f214c3ada001d84ccf68209d2b73523feeb8c8561,
1,,1ac462804f8af2a90ad0a0e6c21c6c785326f539c83da164b0f9089bd1c3e349,
1,,a119baf8e6a5af333f5340875c5b66971b90e28fc9796458bf8d77d485b80775,
1,,3a079e1ca8f31d64ee722bcd7a9a92cf46f9e51cc396ad100824ac735a0d8349,
1,,b5b971cd6753e9aa1ff529a35ab4df1a71547bd72c56996c55715ea7c25b0171,
1,,5930023f28ea6f14e48812fe18eedaa8bac608068eb781617abfbd2a7e7aab1f,
1,,3fb9decc0c26f1af94786844c6cde07357e8eed7121d038d93269508e7e3fa88,
1,,3aa38fc2c82df01c2080287e99d287773f962531120c60f99e16027156787cf1,
1,,7069778d0da9e5ac563e93c8839213ab20031199b31df946066c383fad27c40d,
1,,3612db650909d05ac7e52d4ff8bc5b8e7b35120b611e7e58c8998ce65c95e5fd,
1,,4949b17dca25dbf4e5b9674300e99174f91a9af9945de69a035546a04178cb31,
1,,975bc2e74c8a0255b514c77926a67625579dfea29d60bdd7a390cd41bbed13ef,
1,,eeb822acbd93f0c0ba6d34c9abac7dfff0cc3d9f59eab451a825ace62758d744,
1,,176e5f7821e0069e8f4038775fea7cceaed8301829771088263bd0210d37432e,
1,,e119daabb5c4f11887831008a7f005f5bc961879af0ff3f7ac6d7059406928d9,
1,,35c8173432d3f74ce2a705c355c3fdef7d182b48769215aa660b4ea570e99dbd,
1,,052ef5301256370111f091fa073818d21df19b1601742c2adb5fd449aeafb2cf,
1,,9f7da6452139ee66f3f53bbcb7d2300c7bcf95f0a701fd699c647d4a0f2da639,
1,,0e25c22ae9fb15e97e230640ca691ec5e228cbd9682879b38f0e636e2f47bd74,
1,,244a22537d758934ed98db4764a12e9360929860dbfcc12b89f3145bc858576a,
1,,bd1ddf16f1065e26e7fdc9e565ae585de01e4b30d33e5ddadb9c2822c98e2644,
1,,d5d809378b84d311fe7b8485de3d01a1e69b84a576619f78783ddd2327f89441,
1,,54c507c5fb982213c899b87d5bc82dabd1e889816e1caccadfa1550f5994ed08,
1,,ac1374cd1f94d8c9d8b9c3d7758d7d66ada09f8bb272d00d56123882760155f7,
1,,0b20e8e376ad8d39e74ff1d597b5ceafbed77cd299ac4b2772d624c3b98f984a,
1,,236636dd0729268656f1cf6f8b5c0bc1065e5b9a5034c68b850f67bee7c26d06,
1,,75cdf8cb1a65e91ace9ff0e6b02cc8d58ed46236560ffdb88694fde8416d0cfd,
1,,88aeb563b404f5f229613c2d0b8a4df5dea9f6de6b281b1081f6639dc731b767,
1,,c5ee5eda6483c6b4a568b70bb04e27ea8f1c8205b770f31acfe5dd8d246dd785,
1,,45c45d68a80e63a26d281bb3c366321ea60a83692771dc065a8475107af295ce,
1,,5e17bb57abd2b34bb30950055c9467fefbc8afbd2ee6a8dcfede101697f00370,
1,,4243fa7421ed09ca00811ce23520ce67dd9d4523aee79ce61af76590ca53c6f3,
1,,7b535d71bffa13e8853d049f0c9850dabf290e439462311def42ce737cb91611,
1,,97c14136c20b5171b7f26eeb5f879ba365169fa9859f308f2216b37faefaf94b,
1,,c8b0d62d5135f43099605252447de344b94f709e56c9d04cd65c07a968f8ba17,
1,,3eb8fe5e80a5e1b0a2c38839428743deb2e496dc9967bf2268d3a25c71688ad6,
1,,0fe6a8819535108c2b3a9cc618ca364f289f39c8a5cbc25cb9451d6bb8ea3864,
1,,907b304db875d0b534360320861da2952ddb216f97ba0fcbfebd858044cb3388,
1,,1d5d6596be14d3464b5e8deb1947739b350ac84b5525e2f5caa354a8e0c3815d,
1,,26497f80c698dddf7a2790acdfa7a8982fd559c5f2ce52b4a6e19fc30435637d,
1,,e1f1d2184f4e7e9387e0b6374de25b031a3a6a6b4caf4542ac1294c0e53cf3c0,
1,,10ce08b45e1185612879d7d83f68faef3499d7d531c17c29a85aaf2aed8b9672,
1,,578082c22e35383d4291d22ac3978266056cbed9e991a32d6463c64ce418e1d2,
1,,870a11b1df668122fe938eaf0c6d34a240e9321ea3d7fa17915824501b3ff6a2,
1,,5af8945d9db2af8dd06feb8f0c0f131be4b920847d02032995b5615b2cd134c6,
1,,8c2ab1f3dddad172e14fb60c26971ba8031eca55ce9ac1f039b51a377f8c7a6b,
1,,6b7b4bec00dba9c66c1315ed681d1a0c3d2a5d5515005271dba30f17d01c4ebb,
1,,c005cef4c72884b6a2bdc057848118b0b45192f697183b7cd1d678d0569ecc60,
1,,6fca75bf31841757980a9e0a5e7f39698f824e5978288c20a3f65235224b66c6,
1,,8b56989ebbf40daa0693eefbb61d1fc06fecde0af0206982f0cd3141424e33f1,
1,,98b2793a435c25ad2b900b2ae9f2de1d9b54cc8eb7be92a00334b1301181fe15,
1,,fc5bcdfc8a6a381abfab88ffc63af786a3350c23cd6c8f23c53b2a2a1072db17,
1,,b92911e5efb30ad8243f817c7e9a43cbf1ed5a7d38976cbf945d0eac2961a4ac,
1,,bb3d712cdb7f2a68cca1b16ce28cb7d96514c0bc38c9a8d40ad86d82b924ffeb,
1,,d44287f31dc3e444f5295d4718c84de4304ed36a505bf6a252e41f4f6854445b,
1,,f9a395e654962bf34c6a34b6358793f88abd40ebdcc156a7f56ef68126e3ae05,
1,,0122c2ef15d12aa52e32476870fc40b7c4b1c081394d456bc063bc351aa74b04,
1,,7e6fdb4d35d1ff5143f363c19c396e53c89a48dd5c3d579e4dbf47418a4f5b17,
1,,8961f1cadf5f5854f452f33bab58ca7dd628e0d773ce7ee3bc9f273e1b19c958,
1,,91e445e949972424ff1021c1af4cb177ff9fcaa62e5a89849e3862b5cafd5420,
1,,ab74123bafcb4b7f62ccc6ec36bb53fd58a15ad1f0ebca1bce7c44772cf5e4c2,
1,,511258b8f4f9429327b1c1deb2fd8db4c1b26fe8e7d3d8cbbb432014b7bb60da,
1,,ab43312e34a5cb4e3834c674fe741962a0d21a2b25763140bce171d9d6cf0b99,
1,,5e7e1a5fcd1efdec8a4c33ee21f616066b7d70edde51c6f1404d8f07f0eae6c6,
1,,f09a06cbb6f8e462653b6bc6e365907d349372a24b186560aeea1ee15d951a96,
1,,286fe8cdb5968fee23436ffb3f5e99bfa6059d77bfc24ce016220aab139b5c58,
1,,2b4fa85cebc4499e41fe79b90d3df24ebca26c8864a0e208383722e36f680837,
1,,7592868ecf5bb76e8618cb3457f977f80c6b54c36e321073e116c2d144d4cae3,
1,,ee5c1e0b02a210ce7d7b871ae66e7144c9d68b1c36c0c71ca9892ce6a3dcf3bc,
1,,6813f85ad3a6553246e80b6758c088511cd9b16a0bf71bd4f9e2eb6b395e6c8b,
1,,cc22537a86eefbb36d7cf100255e48f2c1a20ca3c6e9bb2de01890b7f9cd228e,
1,,e0dd50a90bea66e32ab8d1aa9ce24890b1b72121fb7a0c7004acae1145ce07e6,
1,,41c8dd1fd4cbea1430ba37763513d08976254fb9bad47e95fe328d24c46a85b7,
1,,cf0ff04d1dcb4133c82bcef3e5c73bc6ab2cdc6471b2f0d141c0d8c0c15f56f6,
1,,4cf0cef7c4085bf9dacdd58c105e037b73d17ea2f7f7693b24db9ef947b494b3,
1,,a39f1649932f6a6424b4161b75d71026e36719e006dd24fadd7f73447bede588,
1,,be5bc074e72cc1dcc437421e41e744d4d8b10f449dd72831b0c3506604525c36,
1,,350752a75d3067aea5b512b727132c68003348ecf223f77efabf411e2df68f66,
1,,91067c46ba4b83b9f4e207b35185e2e513bbc4b36a59204ed37c060ec59cf953,
1,,a43871ba21c1d5e4915c9393728f07d78384208ed9b4ab6f83baefac84efb9b0,
1,,3e76cc4449a5ff3efffe30715aabd9ff162d353ca0ce849a540b219d3e357570,
1,,fa43993139d6bba28b1e48be6860a80557f12a39c13358b6f4e0c81bba168bb1,
1,,67553b9d8333b0973e0c4ecdfeb84dfec9b2f96cc7e54902494c3f38bf8a504b,
1,,db1eda38d8f6873c99708ffe70bda5e44cc238d0baeb05d8bcde6519a14fd92c,
1,,069216b63d10ad6ed694da1a772514a58b8822194b7f8de8da1471c7a8ca1143,
1,,e44e4acdb311bab184a58a2dfe38b5aa0f198cd55188e7f6ad3e8b80b48db31b,
1,,1e397f5f4cd5c1d12a303e34daaaa21f80d5e395102534e1a8488f18805143fa,
1,,69472b295b0d32839b6ba765b80f750ee7717a8555a7fe76474c2ae70d080347,
1,,1cd55ab23b98014f0b488a712e239e1a1486672b2f76f3c181bd20036f591627,
1,,f00fb1e7bdd0d4765a69e67916215dc27593bfe6812f7a5d65d8af92ffc6adab,
1,,6ce1d910f590dd612320b21491b9c3ae3a61453cf68028ba5a46de816ef08d10,
1,,8307bfb4d33e7f3226cc5e27618c9cb8f9dd41186f3982127956241e7a99629b,
1,,fb981aaf6ec2544c741f3219de53536fb0d07b5639154b674d80f9f017da8088,
1,,6d26c0ca9e8eeb6ed920cf6c48e4e402a7c1592e1c38a121eb7f9f09482e56f2,
1,,80ae2f97781a319d09ce35becc5cecb68b7dbf176ff0a17bcade595d576fd19f,
1,,5955e915d7a1dda679d7f49f7d534e37b458c89cf53b6c9ce825e6f968c1844d,
1,,1dab008b8292851d98a382a1b562a70ec930ebe99907eaa533d8943b8dfa7730,
1,,031aea4b7a4fe5a48c4a95898e6807500048f772e62975af88f88f2b8ebbc567,
1,,602706fddcfbdcda14d7d1ba85e2596cd4c6255fa61cc129d94a6fe4a6490450,
1,,613ae686228c3d37f52f49333855e0170c4005cdf6204f3024480adee319b05a,
1,,8c1a02cf0c3cc041548072e2377152f170a4cf08c2b2a7c57c4d7546ec35e058,
1,,76e97a407cd6c40981288e3e55d038a07effd1fad71c3f38b8a3561cb8194cce,
1,,3339498a6f4e5ba9bbea65f7bd20dc8e5cd89e996879e69088b79770927b52cb,
1,,33acd8eaefcdb44ede441565f94f0bc8836b41122daabb00b520daa5b5ff59ed,
1,,254a63bb7b7891892df906512b6576e626305c94dea9ae00884f79c56e298084,
1,,dcb5d2448529d05a886a3b59bffd83e065fc87970e2ff54966a9aa7262b3e3a9,
1,,2232a8da9c60e51b3e508170eaafadb82018492fb16fec64f327002cbedc6640,
1,,102e4a16882b91cfa9691f10c91e0b3f0a15b2197165b28e3ba6585a14fce2f3,
1,,34974b32b955e6cfadb034ed19f12cee7269b3e830afe9a28400204af8e69c6a,
1,,bc28aad5b167f31dd37c66d8c95d400c6411d83275ed12c504f60965d1f9eec6,
1,,931ea02aa524d5f9124366712854aa51afbcf61ad1d50d7485fc68ce434bb43d,
1,,eaa2823b833c166c4fbecb925d60be4c54433a778e51328286e1e9ba3bbd8650,
1,,6eea9ee91d7311fb534394547a397f6d2e2c922b2b3edb4c49ff9a8d172218e4,
1,,19b233f3c61e83bec6eb76fa63a0d5bd6e0c4fb7b45f0f2cc636d8f1cab977c4,
1,,1928b4495400f73fd56eebe1643aaafe31e80bd2830a455e9afcbf52a8aacd5f,
1,,94f4f62a1beaeb9ad94ba8e0c7cb7b4c193d4c2d5e70372b9dd7366e1947650d,
1,,6e118a8035b0ed9d65d8eb6614667b46fd5c56e148421272955bac8e1db1a428,
1,,c50d195f7f84d990d19a50ab175f677536edffb1ea500abe963b9105ebe80c41,
1,,5578828a334761dd75ce02e02d88cb34cddd82bf6f322f79571a5f339ac464a8,
1,,e03af5d76b49280f613793d3d47a053730c55a7a24d3608d526f7e5b8ba5b2f3,
1,,14296605a4265279282e5e4bfc54668de3e48894b2ebb76534892b0a405c0fb2,
1,,a8b8a70966dd82087f84ca0357a62f45525c1267c0b2e12fd73a2a6a691a1493,
1,,6be6a178d6bd47542f44c5869f97b2ec4a56dba55dea29f189daaf356a097747,
1,,9eedab76272b60873a944b465ade8d6dfca15f2cd310082b62bd90f12e446b0b,
1,,1a8ad4435170c625e4bf6f6fcc9a76cbea57846fbcd3b17456daf7a6c3461522,
1,,37a5390efcd9176dbd7465030ffb0707c91876d8181525308f9b94d4f5380eaf,
1,,30b34d7c93b5b756ddb7bb1109d5365997c0479a56aa1c60bb900ab9261523bc,
1,,6a0268f4e7eacd9dd9273694b9a354270f82351b80a27724e44f31d03b37eaf3,
1,,492a1f10794172a997c8bda2f582e888e50cd5a714054b6f3be86454ac978a78,
1,,0f42f5c38efd758da0728e3f7525329050ec149595bc44d58387d402a22e8c87,
1,,050a4f39e69cc0cd7ea70829caea402038917e826c7c0b4de8f31cbf4c088ee6,
1,,822805c50449618908429b420beb164814cbc025b0168742ed7041f69d23370e,
1,,0eca7e9a632f9aac976606bfc7861933f6a5e562e2633092238ab59526b9768b,
1,,338ff93eabff275cc86c4e15f464fe15bffa01e473dc0373caaddf18036c1ad4,
1,,16f5f50ad4e3755702d0c7cea573923a249681508ae8be2293afd031b7023a3e,
1,,488048938c32b0d77a74e41b7346c1d9f0ba571c943764c9d4bf7edd28c93d7b,
1,,44c28414282923deb2dab318cf9fa6dbaa9caf99f522fc586a827b0e87c77689,
1,,eaca2fe1103d3566796307c275a6044d20c093a0e87aeaee4eec0ba2baba941a,
1,,54e0e0746d9ac5aec3b5d7b19f91ff6077d1f93915c31898c7443bd29cba2e02,
1,,b9f0bd5928de2b2d802a6272d46801d174e37a19080831d171ec3f240f182612,
1,,6971e2211d5af5aa909cc21067394f6d13d90436792f23f5c077dd5606b91d15,
1,,3cc02b7e2c538553f27c9522a05f81c5084b262afb0d9a4d79dd724a37050cff,
1,,10d0fbc9d74ee74b7423a82dd98d1ba8dbd150510ea6d3c64dba25588a30b3c2,
1,,408cb2de8c31ceef69db9f98f2b438d796043984d136b2012c2023b456d6c208,
1,,cb11675a341813deb05c100a9e6eecb9bb70385f32ba4d3a36040693303ee512,
1,,ac8ef4a743f4e4126409ffd516352ff41080116d3b764ccc1b432b9261343338,
1,,9528daf6ee091733dc0b45f1bfc9809de86702401d30fd97eeb15cc63dd39a4d,
1,,dd1166b4e1d31beedff7cf8d5717aa61b24a79b6d2cbf2cb995595c7bca18984,
1,,cbdc2785a9173e6fc9be0cc70f019f71fd5e419ddbb9df07c1dcc37aeb937462,
1,,9b2d2b9e8a9b106af12cf859d910b95aa331c95a53a998b97a84c70a7ba5c67b,
1,,0259f9d5a44e32a724e4f1cae29d213a7604b18b72790afa5d2d398e50363276,
1,,e1465e1b2fe78515abdabcd9be9c729b325d22ef9676862e99c4704d46765f64,
1,,34227dd71156df5826341bf985fd2694302656f6819895b17cb35f8d05e82851,
1,,73f18292e875ea0457131b319dd2d11b34b5a9e3547acd43285614dbf9036f80,
1,,0dcc5c176612a253a39d7bd9f7838662d7830b7d6603fb81898f6b3cbe6cf72a,
1,,b964177f7b22da3a541594fe898aff2a822167597cc514ac81c756ce79a4e92f,
1,,13b20cd73d1630d797a033fef4a1afc398e9b517255436a1dc4508243b0f1185,
1,,2c1d5e0e67760e57f5ff038a604b3ef03fb6fa4e56cfcbdcc2fadf2afce86493,
1,,ba7f08cdc758927c165be3570063d9d67a307cb77520d69c48923459b1339781,
1,,7a943c77e599546d095230f56e740d0cb9729ed5378f752a6d00395e79695c0f,
1,,4b511bdc7b7a6c2f89ef381b474e3cc6f5d58831e0d8c42b54e90b1655b184a9,
1,,c5769d2c15392edbd34a4b838edb0cf7e812bdeff178deb97003a5ff2a810794,
1,,06906d93a591614104516618eabadcede787df80dd588f2bef1a973c7c688f60,
1,,b6e59d2d91b3ec03a1f262a1234bc5e77550fd5e0c97755a5cd069939d310eec,
1,,c2837ca2bcfcffb19dfa6ae1755c72e4cca9238c06b992c4fa70e315ae0d76f2,
1,,ed1f3dac1c504d22d25eec18e44a6a57d091bdf540fe95777bcdba4f1ac500b2,
1,,4d46215253c64a2d740fbc07683aac6d59c2d42abfdbfbc32b1d30bed90e3540,
1,,f3dce08238c7f1710631aee8b9bd6a9d9966069c61bb61242264e09b680b0fb3,
1,,bd7efbb668a6dd56f18d852d19cd5bc612a495a40235b779c0796b222b99d8e4,
1,,e925836b2f3dc86dd2104676555f0c21cf06854e1b856b5a024d5bea00ee362e,
1,,9bfed1762cb434325089753227acc14b9e27ba7138ff06f03792eb604b0f8658,
1,,86a8913ae4bc67b489411f579a3678e7e388a8ad9cf06c253b36de1ea98930ac,
1,,05ad0593251876691b5c1748fe396b904bc4c529d91a913c130d300dd2098851,
1,,e07d40b4bc041101c1ce364a3dd1991437d86a90c6db4788c760eb00cc0ad2ed,
1,,e8fff9e1878e0ab4aab3ff4c16cc6cdf4fa1ffcb0b53af79e546dcabdd3269cc,
1,,af25b37720ade211c850e9a77d63486f2704ead318fc6243db481cf34b364ae1,
1,,892446e685f0b844cb30363fa79f0cb6ebb387e685727a10ffbc94a3133af43f,
1,,b85aca36f1714599ede84211f67d0024c775b514d3f447415e6d1aebb5ca27da,
1,,54724fe84c694af0260f0841146eaac92a9147f2d6fac95bf7e952bcef8fca0e,
1,,ce7f091269f13da3693ccc6996d486fa927b83f7ac9e69956d864a4cd83204af,
1,,f51e493fd0d0b31d86450a57a51a86cd68606553438533002e95b724008fbd14,
1,,3daeddafd1c6a9edf7a015ae7b845540dfbc9220310771a3d3085d0bc77948c6,
1,,e882ec3960c8a669b27b69e03c6be0985172553849f80ed1cf194d284ca72859,
1,,6560fc46e03e79b95be67270c6a179c5b1edf06381829ea1385639fd7e7bcc67,
1,,7f809503eb9faf556eed2147b85757e69676435588c02352148bfb57f8451714,
1,,2b0e5f18685e491b89cc07c7adf767949738e9249c165fe2c0a5993c32b6d2fb,
1,,a651a0b540c02cdd91671ded9967850ae8dae6e104d29507256fe070c70ed4e8,
1,,97ac7cee3efa5e30ad68af64900163cc27cbc1396761765415658c1652c69161,
1,,c72d5cb82949ecfb6a938bf72a853530bc521048217ccedcff43beef3362482a,
1,,996f61713e9ece012971a06042956be090eef083694745071b468afeddebc4b5,
1,,f779439e8d517164898b07863c1d014955594dd5467ef9567f1d68b3400aef77,
1,,bac00bab2a6962ef3139912c617982a3ff6c074ab076ac175508fbe496df7e57,
1,,ffe07f4b2a66e0a6c4b8e5b339268ada56e77dcaee33e398e80aff81ab10fb93,
1,,8f912173a956f9d9309832f6c2729790809db64af79d5cdc0b1852fcd2c9e73c,
1,,aa9353cd1ece8c55c0046e7b00115f4b99594c97c23a561922e41a95c8ef189a,
1,,65e2b56139cbd99aaa5d114898882a6e9be53eae18987c70ae1598d1a157c8f6,
1,,b19477ce81b46c109a6dc65d281bb218a051beffc031f3f082888ab47ebd1a61,
1,,84246e80f113bbbfb2ebcec27194a350832de92ff8e1cc4805f1dd5a5a07a404,
1,,64c74089fa9470c0e1338e78da63ceca8e61aecace60e07f057ce22604e7d9e5,
1,,e4ed1e7c1e62a79665c83ca01e9c5daf5c7ff4c703eed73b9c8d4989da5c4a8d,
1,,bc2c83cc9b280099ce5d147370816873368fd160596af99bc6f65e7132d30aad,
1,,90ff5b62376308fdbf6b47691cc4511b8aa0eebf978312489f47f56533a6c4ff,
1,,c45f3ae39f101b5e98b50c0666911511306410dac2cf97fa8fa7560ea6ae4d8e,
1,,fefa0cdf7c3832dfe5b1c9fd83b370fa627f14a1d26f39178ceb4fae3298d13b,
1,,d13c0e2f2cafcf012417b482ef95090eca86036f204ce05e9a8642d29ad7a184,
1,,1d87d18b4856ba2c7df7e60249955a2b0dab0b2b94dd3f6ec2055409b2c83877,
1,,3f0281140fa98c13363e174432ad9ca62b2faef3c8060ff464a08e5b6194f70e,
1,,f4e6ea7da0c25c70e2ac56dfe879b705b8122ec0de2aeb7fdd8b0932010ce4ef,
1,,84ea427c03b9f68b2b48aad740800d5863001d57c2d516a7bd5622ba1eff2a65,
1,,0e54a5a1e3fd27ef98fcb4471fff9490bbfe91f6a659357c31b2ae0d5797c644,
1,,8db768be683ad00a0c9692d3d8b072fe75162161609396f0a7ea75d010c398bf,
1,,1df323ca3999924d2072819753d156c0d2639ad531d0a58a9aa37fe123de1cf0,
1,,5e486512a85189c687b78fe3d8bfd6256517b41191914eb917c28447c9eaac54,
1,,8326fad209157ba217256601675a55de6e970780e097ad04643888294911e1a5,
1,,0acf2d265b91a5dc27b80449c03940ac31ea9b79ddbcf8031699246b40d33d6b,
1,,8c0fdf142771a8cb438f58cf2ef806a6c5c27e1f70fe23dfba15084c1d400530,
1,,7481433769eddf8aa0007c9236ed6ab6f300827750410742196244ef93cd5993,
1,,56708de0b3747a7d564469b63d7a1a67bde7ef4be37096f469b0bf7b618f61b0,
1,,21ed5cf54173b5b6ffdb97997543444d6cd37df24a0a23a9a28894c78a503f52,
1,,f6554311b7be7c613089ac7ff7ab764fba8cae09fc292cefb135bc4f3f72c7f7,
1,,04737ed4cffef7aba6a17cc339d603d8fa383760210849c1558f2e800e988337,
1,,c5e3cde6f4b8af7b03913fcc67099efafa30e7b90a3f1e88728230774cc33eb9,
1,,da082743479ae898882313cde2cd5b115662d7a4ec0a07f0cb924aa1b0fa79e6,
1,,c2051021a9e0872bf087e86ea766725bd38cebdfa6d2c8080067537017ccfc31,
1,,47ead569d31f6d3c80562cbf1573e148a0fa7483f46fc97819a957c6bdab842f,
1,,4ecb4cc3d0104e3fa88eb442f8d729fcb8d5c7e58a7f6c2f0c38e01f0b0a65a1,
1,,0a8a06e643d0a91c37ff48c53143d573d42841301fb2ddea14855f61a211736c,
1,,12daea0572ad05014e9be50a84531fe53092105caad3984d8c40e6284dbb15b7,
1,,926266ef1da5988df07c54b92087c7604494dcfaefb2f790489ca82da128a330,
1,,d11f7e977a92627e1d98fbf7378a0ec9ef5401730fc5f0f33e9731c3a1374f35,
1,,67f2ce46200f6d476d345b8ff8626a6116661079ac02f75fc7bb13f7ce7a2a45,
1,,bfe2c9b0c0cdfb691ea5a15fd4ddc0f7512e8312b6dcfed3219167a70bd78636,
1,,f391276b5cb8e0619202a637097772ba5f81c9d409b9c75a8637ee2905356e2f,
1,,1d7e037bd4a3239f39e93dc25dfe613a5f6e9961e36e453655ed78b053ea9a58,
1,,f501f0028450486f3c883855499c4c01f80b797defd4a4c222a8d6bf54105cb5,
1,,7d66ccb0f9ecdf882a06fd945aa3ca9e5b1013604aee36ff1ec41a99a28b7eea,
1,,7c711b0212f69b5201ce64dcdf537cca524ac12d9cdc3be9736f9de04618fc53,
1,,bc0f5391111336fe0d68914d4700241a641e231fb87e830855ff3828e033e588,
1,,b9db56ca9b1f4f549fda6316ec171bad62c426aac2afe3bbda14f00c089f2e21,
1,,8b75f05e9f3585d4943b03c37ed080d2ce73affe1e7bcb97eb3b99adb5fb305e,
1,,0da1a169a4e684d0b0ac1a370871575e4b8f3c56c8a7411b9ff7f27aea6c90e7,
1,,31c0a07b7263ef3218bde4e957a4aa0ddf37f2f7b0239962fe8dacae8a5d5f92,
1,,a3d787510f8af8404b688ed9feb107196c3ed79aba75a1ad685fe13e12ae0ba2,
1,,b6e4de30cda2ff12f548ba9dda5ead83fda59e3430aa03d1e68a493717b17ff4,
1,,2cef1571c1547528538c867e027d895d5e6c6b6013049879dbddbb80df0dd2b3,
1,,063a4632cd66cfe8c1b067a615d05cb662ca997f4ef00d5d0a8a9fbc33fe7b90,
1,,8df8b2ed8ea3eb82d951720ddcce28de61734c888dc41681243c8a4aa2618c3f,
1,,8d5a25c5c926232bb230383e57e0801037f1b32e0135b6dcda234b72efae575d,
1,,ae5b85bfb1cbabde0de609409c299fd488ecf67eace094dd3526650ac1ec2a2d,
1,,3b8d0e1b58e6bc4bcee89be73c08a5557b3663e51e6fe108349df6176fc64e48,
1,,63abbc9859592d2e5e331727192d5930c75688707459db7c3b7c44067d101a1b,
1,,44ecbc302a8c781ca1eb523be49d6f31a0f0a00753625fc5d0c060a3e1b4cd5a,
1,,247894859743e54d9d89633931b14254805bb4b4348e679c66e6e96a740c3377,
1,,7ab21cc1a107bc3e11a894c65273165819781d3ec2d63ee87b8807242cfc2fcf,
1,,7d7c4ad993c3966696dda7d33c642e0fad421768f5361bb9c21b655c1121c0bd,
1,,7d76cf4677b29c43f07ade806ce12a192c097492dc14e8cf10e521826cbf26c7,
1,,794b54cb5f93e3dc59afc27aadc808751033158c158f2daf647af2480ca8c92e,
1,,7e33562bb08e6501b6eba887a735d65c83479e691d5c2e532829bd7a05c9e26f,
1,,7b7a3fe98cbe0be2f0f17ea96c9fa73f161da4c3309695d19f48e3fc22f90262,
1,,7e5527438e2dc11903019a0ce3fb9afaebfb2d4d4b2309467d0d8c0f46104133,
1,,7e41cfc193419f9b6b69053d4cad9310653601962ae63d3e19ffe8bcc23c2770,
1,,7a1d23accd3326cce356ee5bc39aebb695061a2e1e956726219ea1e272fb0c03,
1,,7c9ac884664636d103f1fa64a4d4962f8efc9ff3e8e1d269aa44a3ce540af60b,
1,,7ef6e4510d2462ebfa4546794c79fd9baf299a4a7349da2cfa81b56ce4e1cfdf,
1,,7864cdc55e75c867f51b2f6cd4a6b7ab9765cffff6283c3b8c2bb1ae3eb5cd68,
1,,787ed95bd86edd4006904aeb544baf3c8ebbda2c8bafe02c1fad14176f55d3fa,
1,,78c2fdc8fa18c5881d19132bbd2e4e15c673aa63b27f3017bd1e06d49cdc2832,
1,,7c039d34916bf18004db47a3ddd7658b2ecadabf5733e258649d7ffb86561902,
1,,7b890846fa4086160dbbac643d0ff3deb065a5a39a47ad49f8d20083c02f5f3d,
1,,78b848ff76e2badf9da6fffe4f399704d50f3bf422d1138df844abe1008e0eec,
1,,53e8aaa568f935213049cfc339db28f59be3ecae895fd57d9dff9ff15ff8d734,
1,,5510992ad58723cc53ba9084e61b1a739c4d10eceb7bdc4b5dd3d869d33c1f49,
1,,5698953195bc0f658a0376e13f0b8fdf03ad25b0ecd46f618705167ebf78f031,
1,,51eeb80e65d34b9d11392550eeccb28cb2f7d91217dd8f8ab449142c77a4b61f,
1,,53678e0760bf236936aebd75ffa5fdaf58050be4e8a28b7542e1114ffc45383d,
1,,5357bdbb12bf7ce93033aa7a9974a1296e0b69ac60aea4d109d212800bac7cc4,
1,,535c72912dd886531c6bc2ac14f59e29ab54e2cf90a46a825755f3dfc5cf62e1,
1,,535ce66f5d3578e4f7ef5345c7154844c387f00fe89f414a1563fc7f152f6675,
1,,520c84cbb9c66b0db545a14c83fb46f47ae5b6c55107145dfc5dadae8f4ac990,
1,,54999a617caa45684aec5e995f3ffcef7ce4e9e716b333d4e17d7d30eefc0e81,
1,,55ab61e5cad863b23d88bd32c7379a563f080921caf769c9c8b9b2cdbb3b551c,
1,,501e1c7d7464872ab130d8ce0cc1592d6670c479b0ee6ac97ceb75b3d5f98fb7,
1,,541ec3205bb0aaa63e8b08f1e018ca1560dba41f00b8263fea32b9c7e7054736,
1,,52dc55f4c7e92bb4ae2a3e576aa382a68b55e17dedd2bb6e678385f51a0062f8,
1,,510bf83691e7e7d7b626b47ff9255091ed0cbcbed0a07342d1f6bfddee953fa5,
1,,51382254f3a03b18e52c53e284cf4cc5054c02b9792d4cc4d7ec6782e5ba557a,
1,,509923f4b4cf416cc7472057d11d41a81ae146b6d696bf65d793ec79b835ba0c,
1,,8bfabb200205e1ba2e2b101d03a0414ea0f225cc25b893695a23c10fe8aacbf9,
1,,8d7c3234a760545e3aa132f07f76e9344fac146363d51b0f7c4f287e4fb15708,
1,,8d6c737a2eb196d31369d10c871ab09fd4c91d0781410d4ab1888e0017ea70ac,
1,,8d068f1b3afbdf2da8a597b23d4f49796dec234ef94bf05e099cf9833ae4599c,
1,,8ea71748e2ee5751eaa68635a136e80ca3d0b47326c19c60001138f90ee67544,
1,,8f82a1d608b1ccc6e05a4fce116d940904f6f4a9ab9f108e9ec76becc64792c7,
1,,89c95383f41f1004018e2d7dfd1dd5f1df2ca038129cc9930f2c5100a841966d,
1,,897deb5e0c53e609e499189a99115c6df9d7e462578f4c61b06dfc2842335204,
1,,8f62f884002d936eb456b6a9e5947baf2c7fc94c8568c7acb1b9c255f7d5ff4c,
1,,8e76959a3ecc6cbac2c331cf21c0ae19d421c2b2ae751cdb8c7aadbd67609fc5,
1,,8a4e55bd220a6df7309396d15cda60941af6e0126fe8174e6527e8758d80bc04,
1,,8a4057bd4ee2e9b23ac14f92a6ae9ffcbc34c3a194b799ede571c4b0dddcc7d1,
1,,8a016eb6b78343f18a33585a52231e54a305081e733554cf76902d1629c8fd96,
1,,8dcdef9e8284a9be19bbc14abeb8ed5386b66ebec5c93c0244bfc43c86b0e5b6,
1,,8d80fa7276810e1dac66fe7607f97cc4f6ca577954971d98c2ec4eddfb0fba27,
1,,8d96b9a4e3a819afa6acb1033978ad068119eda8d1cf43060c48c34a051b576c,
1,,8fe799e96088990bafcc655a2fdad7a4f42b8eeefce7a0764f75d393cda0ac20,
1,,8ec0c9028acedb0b68ce0c57f137a5bcc4da4433ebec6dc800e868f686a129ec,
1,,8ce3b3d3ca9a8a3341f15da1522a0bf30fe64f9d10af9ddbb672f1500b0861fb,
1,,8ce575a136a29bdda558c964cf460af479b50898218ab0f05a397eef03fd3e51,
1,,8cffe0ef4660982e9291289753d2d4bc68e8f1af4804170a8bf7f40bb80025ca,
1,,8864011ebdef59a817c11958576ce2deed1078f2efd00d750826afac76bc5c2d,
1,,88c37e7ffe62b26f9dc46d8cc4d5b93d1df74a030163cf7ec1873eb4bf6283af,
1,,8c2b322bf991c7666c6d9f275968f3786d3cf1a2635f272d7c9f2d30522dc5e1,
1,,89b6b6e499a6ba3c4d8d00b780d79129ad5703f6035861e85e256c5153887082,
1,,891d696cebb8612787c839e211c1aef38e07f38cbc8cb2ec2879bd388e0bef6b,
1,,89095eaabefe401d67bd5436c2d972111df4ae2c7f6e269b5a2d693ddfddb2d3,
1,,88aed228d87d693accdc7bd12497f2900bf70446d6940fd64c7614fe9ed44776,
1,,aa87eb14ebec7eb1704a4879e9369e897e60b8494187c1fe03adfcf624ea557c,
1,,ad0260ad3d5f73002f7e9c170ae179f53c260bf5329ce11d70d63a544412a824,
1,,a95ab44d1d560e5cc7d0a27e5e77ae61d60852cde4dfa163c7a1d05ce0e38aab,
1,,a9509efe2f1f2d660fcc66c832fef3388eff7fe0e7547946dbb9861cebfa576c,
1,,af583a3d0d20e6ad71125b9b823ae9d4b50de4b5abe8aeef86b0fa7faf30d5fb,
1,,ab40925c613e14f7f047b833583bb8b91fc1988f1c8cb68a1e838ed0b909ce6c,
1,,ae5f2148e4e587522017a9f90a8e071050839248425b757eac58c87f35f80f63,
1,,ae7a6c76b4923fa282460de7192801d46047cadfa4887f5faf29d1ddafb87574,
1,,ae7f00ac561ce9172a98dab9e182fa585bf9866cb468f38a8928085ef3aa8c69,
1,,aca45157784ab645cedfb8c75dadbf787778236e9ebaf022fb30480ed5dd13aa,
1,,aeca0639d5dfb205197a2581ac03d72e37fe403e95009a06aaadfc1069e35a44,
1,,aec90db42d2cd149ad11e5dd24e6a8b929af73980e873d5dfef0de7789f1aa34,
1,,aec8c2aca04735a7af9bad549c8aa76d3dff3b14aee3eea62aaa2783ca482f92,
1,,a819fc990a6aa56f16d2dbbdc5ecbc7764457bab1d42fd6d080cc8c77c449d5e,
1,,ac10d64eb5d5f61c8a28f191adc648697a35ac1c42ebe40ef7b3a143ddd29b16,
1,,ac07a648f19efcccd2a826739e6271820e7c875e3bd8271003c71528e2f95de2,
1,,aaffa862222288804078abb38583404fe1e7008b6579a8bcf913c4aab313ed6c,
1,,aba446067d2be17bc367191e2b72bcb7a1cba7f54068f0e062ffd0c99796a542,
1,,a28d164cd345e41e57deb9d44751f27699e50638e53ade677c37d093a88b5afd,
1,,a500a556794dc11ccd22eb3c3931aff9700b0d79310d317b12a44aa1a90c9ceb,
1,,a6a7780cd99b315cd73a01902c8a0b0d52c2bdb013735786bf880233c39ba4ce,
1,,a758295391671f21779e34162ace93a9aab1b337517e2c2c893c198535bc1dae,
1,,a631163b19b029517e9e509380dd635a2edc36cc6065d6296cc66d8d687c493a,
1,,a633b95fa53712b4162a053de771f3d1f146e20399657030cb95357fac18d00a,
1,,a63edd070fc35db090eb7b288d2d8831e555cd30e08b3d19972ed1269ca5a2dd,
1,,a25e8a2aeac3d65dc593bc9239024079737fe2735f3d6b568fc921da1d15464b,
1,,a265cc5a3402133b89a3fe660d9660b7a05ce1e7e5edf63b5fea483df4d8d2fa,
1,,a26c5575db990e07554c34e5d79cb13324a9f2cc3274d8c3292dfadc025f5535,
1,,a5f2a171e062ad5f50e3bedec98fc6af88b29f2f484dceed53db97319e3db87b,
1,,a580802f1069a20420b394d7b55caf9fa255f68f831ee564939ceca08a0894ef,
1,,a7de0ce153abdf2af56ea6f43c9acc348a9502ead0648b70a536f34bc8ebc83b,
1,,a021898ef2f81af0de1828fddfa4115fe5d137a8872899127bfdae514801181b,
1,,a0e91b9a6cc128850ca0c8e3a9c717dde19b3b1dd7c0bd83d2ad1905b022802e,
1,,a403248308c77d5e4d1d87dcd327b898cd90958bb445b7df57ba148e4062f080,
1,,a2cb136e514df77da982adefd304a74632e25d9aea089270dc33ff6f1c75e18e,
1,,a2c0ebce47d0f4e0348907b132ca8b698f9e12936d6b30c24e8022350752b191,
1,,a33d16cd6b46fe1d9f62d7ae8d87a6285e3f60da29aab51391900ec4acf703f7,
1,,a195e5140d8671fd99692a8abe78c67a4ac5a2bcf2a3e4e0e5da4395f44cce51,
1,,a0b196512ad515cec8d916d11f7d750f7b2b938de54e26764ae0b7ac931ddb3c,
1,,a0b725db95f29789cd269058ec46171fbe469f606d2bab5567ac1bb1244edcd5,
1,,d3ddedd4a12a418f47f6e687ce57b820c189a4bfa603e01cf1fa53540de87f6f,
1,,d2a532cc19ec8a64453b659cdc14534c8969a3ef73837c0c69edec778a2f64d1,
1,,d29d7a4209cbdb8709e754d5cdb546595e1d613ec25ecbe90a5622c45ff45f70,
1,,d45447f6de54a2a9d4a54cdc9d122b75c9bb5ddb548926e5bd527808b5f19e1c,
1,,d47c61ef28a301acd7cb5d6cb3aebd1adbd7c76809bc69aab1f71a51c67762f6,
1,,d7a18b809e59db78d3f3cc72dce3d28466818c7cce19c21994662e5146bdaba1,
1,,d7998289dccef99a85ffd50a6a148f01242cb38591e32893a41f5b3ecd9314de,
1,,d77cf0f554764ba52806983c2264ef9f80cade8e66f979caa52fb7383c60313f,
1,,d756493710d9485008d85d806fd4c7663e8e80bd38527becd63bdbdaf74559e4,
1,,d6019d5628ce5aa2ae54a1ef46ad323331a671c1f3dea1c9ed4d8b9ebf6ce76a,
1,,d36b50c9a4bbeb3b33d3c82aae29ba7110a9441094de6e9f1668444f51f3a5b7,
1,,d251cc493c9ef74e8fb00247182f9d7de89613f6c866fdd362efed5c32925fd0,
1,,d5e38577cfe73f0dec4d9af60ae8197a1ed0df0a8eb1edd73f375bfb28829447,
1,,d5e0c3e24aebf36528c0af062ef82f24b3039916895ee9cb7e42f6756017b0a2,
1,,d48b7edf6af2d834cf1098c9f3936e4b9fd6af2c3876d310ecd91e46313c0e0d,
1,,d7e3924cc053ed77fae99a9ff19646363a0a5f2e7d7fa0da0a476d557ad86e83,
1,,d6ff329f7fdad5d671f8b1de0c9d646d041bcc6f1c3dc90a9e4e74021806227f,
1,,d0683033f89bef3af7415669b20259fc3ed9a92e3c1eaa86b1a96bbdc6b3d551,
1,,d01bf341f26501cd0620af5f575d39ff923b3b63d2144ba63ef18f84755eb744,
1,,d728a726cc2e74a9ceb03c1cb669c88caf249019421d36f300d4f7ae42cfd504,
1,,d38e1c9c01d712efbe9aa2f5d40256998486b7d40b3f4281a3f17213612d3532,
1,,d38a7ddc777368815a93782b9b15dc239d2979243bdf9b3383a4a9783db2fd78,
1,,d3bebe818ce3fb53bd264dd9911cc4ef2bc43468a5ae4a7ffa83bfaa25aaa95b,
1,,d1bba09341f6410aa42d5305bbf08aaa59b97575890719afcfdec1cbeee75efd,
1,,d114a90e7dbf7a0f7e92b3e0b0a0534cb234f305daa68611ca813e16fbf8fc8b,
1,,d11d35a4924d5dba86c55e0e9afe8ccf4ebf440b8c8c9eb4f1b71fdb631e60c7,
1,,f3f33415699f4234d005b1fdb09e83298ec522d77871301a35a6e4f608e675b8,
1,,f3cd88fa6315223b8dbb3c0530653d1b60405b2bcd629214e376b564078c7c80,
1,,f29cb28f2e71bd97eaaaae1f620da9e6b9de876128b53d1c8c8db3acf59835fb,
1,,f457c15e077124d91f8954e34b4f494031732318b120d0d9cbaa4ea5aad40006,
1,,f56a081a01296bbe6118b858aaa6065b706785d36bf7ed8380457ce24bffe9e5,
1,,f6b4a463cf122e1eaa294d7a597494f635b6d2e11649f6d14e7c98568cc9ca81,
1,,f6a6c828082fe7e891a5ab562a72675644bacae7dfa5d6239d64a4c29ff9b326,
1,,f68cf35c267d0fcc8c9b1be86cbff1721b63e98de49652cafa9824bd852e6f39,
1,,f64fe23ba81bd961645d3fdbc75b57e5c49f1e3f89154460e715e70a3d81fd83,
1,,f66e18d1d233974001a7a4588d3ac03607ac2769ca5154c745e4102fc31f91bf,
1,,f223a2597c10b9c38bd29a3084882e54292f8d58529f21dd8d77f27f733de2ea,
1,,f2337671c4fe5ffeb0702885c61a0e36de8d5cf831441c67599f8f78f6989aaf,
1,,f5da321b09e64ccbecf059d6ee4091a4369fd73d2fffeb9fdc11888cabf471cb,
1,,f49d7b89eee783b63f96f1f57e40767bed705c335280a5298baf3ba16205ad40,
1,,f5a9c73ff6286911401565e5fa416d9bd31bac006bdc6f6e4f2ccf74c2f211d5,
1,,f5b6d87311980d875c90c4301d17b4a24473b1325d3870c9f1f78a567bacdfec,
1,,f7dfb18ca69b8d75397eb12be8a0cccbf3a7226458747f78980e2c509847ccc1,
1,,f7cac445eb4d00772bf196470255a91b4ee5d072a881b7710d7d1c4c55d1a220,
1,,f4c0e4654b10aad30d4157635f6bf806efc7d1ebc88b7ca213a5f6e4d5c67926,
1,,f01f1b694455216216491eaf689ae0ad540c0a7be778655d82818ea8d56634d5,
1,,f0120678ea391c98df5750ec2cc46b14a6a58bfcf9863a4d969b0a55f6b166d9,
1,,f2f05c16a8c8242d65223badcbd79267b3f43f2a0c9772968f27127a9f91d74c,
1,,f2c62dd508d1d286375aac6c3e83f5155f433b8b0b763622b9d0d1b8554042c2,
1,,f3a8ae396293cecab80f3ecd553c0df5df0ce1befeef371d99318e2a731a1d1e,
1,,f3acc988df962ab9bc35906034a032c72a86fcca19661e909b77ba2ab9de5f67,
1,,f3803f51afbc1baf4d640a43af27687978df9f3a933d139d64758b14f9252e8e,
1,,f1a343cf9839ec7290094be7bbb6413ea780ce574169416bbc2b1f5e511b4e71,
1,,f130765236aed4e1e52431fe69a5bed512acdd40f99de2ce8d36fee0f3f87f3b,
1,,f08f7f2d7acb62762b47d6103f1db7ca41bcef6edcc7b6dfe5c2206cb857a2f2,
1,,3ab054d1e5297739361450d4a0512bb676b29345e5457bbe1a6641abcc9a9d7a,
1,,3d333573cdbde83d6b04b816e658b0fd50b8a0aa07bd7be555e7ca2d43bd4a5f,
1,,3eabf3a25bdbf66fc1ba2cba1b3797d9d4dc49a6a6bbdbea31e6ff680b34fab1,
1,,39db49a6485c22918d39e8f40a3af96f57b7a0ead2b8d853092f805edeaf4047,
1,,3b751ed91637b68a4be3f018442d284d00ed19547e818cee17e6faa235389f8e,
1,,3e782c69de7eaae1ebd7a6b7d7d48e09656f571faad81258aa9222d876b31634,
1,,3ca9a61c0046ce4ab392bcdb11a3c1dfcc50d8c93949e29fba4bfd0736a01507,
1,,3c90792608ff50af215a8fe7b26fb81c9d003478d7a130ec36fc4efcf4923a8b,
1,,3c8d8faebebdee6e2fa2c0e990dd1ad30d7552f1661e5e1a41b5fed6d0305019,
1,,3daed7713263084551f06c8aec84fd75cc84b205538e7bef289bef1d41033174,
1,,3ef16bdb6bedffc54348dc9f3de022d69aec35f8575ceb79d504c3d0b881c531,
1,,3ee55f626e262fc1f519eb5beab5a839ef70eb931e132636cc3a2b4927f2c0ce,
1,,387e9da918269848fe5e6f3cd4072e1c225a9884c5c16c2ef579326cfc1f2346,
1,,3af1f7f1cc28693c52b7d641421c051ccc4839db7eb4ce933aa9143eb974aba5,
1,,3b81e5a02513f230a42ffd22d99ac4a71dba1c8d752ac56d605f099d34cc5182,
1,,2aae2f4daa5325a4a702ce009f61d870348fbeabfdb384ebf0001e921585afc1,
1,,2c7d3504a091daa6fc93f7eb7534a63c521e395c691951bdf7faf1a8025b2255,
1,,2e82aff3529a15e751a2132c1d010616d39224bce25a460017980f6d544bcf08,
1,,2f9befdf7453a39ac61b8004fd904a8d041e8df509aac04230586a81b72d774d,
1,,29cead3ceecca3dc62353b8754e6c63783e87fdb99c64793cfb4faa3eb57d26b,
1,,2f51e4c84886cd5d20128baf189e9ba4f0280d84b67ab797a63ce0b6e6e8d8b4,
1,,2e40674ac5e633f6bafc14b647180d27d61e1d6cda43f3c046027bed689ab74d,
1,,2a2e8c3e2ddbd8796f80c179022d129946b219d234a4de6469e8883a421bcfa1,
1,,2a274a00e864503f1ad3cfabc713d938c5a8380be4b46ae017f821415fa2688a,
1,,2a1d2b311b13d5f19efa25aea90ff6b3b3b06a4b65540dfc5522455cd43a6e14,
1,,2c8501a69bf497334cf798e07822acc487500dd54018c5d24b61bddda2430b0f,
1,,287564b04c9c2b98d75d2bef901afd1fa33086431d57ba3b8cdd8dbfdc9417fb,
1,,28733ffd935be2c681942feedcee8a2d8760ac478f56888c2b0815d807bb380e,
1,,282aacedd9156bdf876b041d1fab3769fea7aca8c555879637cd2bed7399ecaf,
1,,282b9707059b37ca4b8c69e81b4c4c7af901250ddd880c02d490e0bb838ca821,
1,,2c26dea71131ead593672623f0e6ee487d646b80d4e269a6e9b6f051af6f52dd,
1,,2ad5558edfa24845aa298152f5fe94e9e50e3a5933cf70a257c334d78695cd10,
1,,2982387eb0c7800c0afda80d07bee16680f6e0f111b3af5fc738ac242f7ad0c7,
1,,292aacf8b0a4494ceff0a8b1a90eda4185f231f1bad3445cc310cd00f811a298,
1,,292e628727a0a75decdebf6eecb470b7e0b7c2521b24e0a4553e26261ffb8ef0,
1,,ebc38e76a51685d3d5a557dfc923017ce07900d1521e744101f6ed359a44a589,
1,,ed029b924f5453b4cf2f5ec3a18aee3d58e34d5bde1710c74ed9fbfebc96bced,
1,,ed004670af9f3581d990e3720b9bfa5d313ca05d77521462aac638805f108387,
1,,e971e9aa99524274f9fc9d1fdd0a59f26a8d69b47af10dc18bca502be78ebdfa,
1,,ef526c51a7b196ec0bb5baddbad1b64ea066f58ad1060c1858913f6598dd82e5,
1,,ee21dc5fb1b241f8701cb18af87a772a843c465dae16239bbbf030a78483e5b6,
1,,eb532e551486c108dbcf4319d2d5ac9272cbdb4df57c3b6bbd1b7fe4e31a7e99,
1,,ea4f61a94c47ecf5c1fc7676d3cea53728d12f14aaca75db1d27165bc8a76730,
1,,ea71b552f412d5c1ce40227149ac4bc5ea17de32ed2f862f663d1bfb9244d5c4,
1,,edddafe50172cf272841c0756cff2884c10974c1355ff582d1768a1fa87c7f8d,
1,,ecf63b1a9a8f323447d119c35c727c6c734b583f7f88254ba05592598b8ee8b0,
1,,e87c6b47bdb0bbc1bc63d1dcea2040be232f860c27b667369d4df88bf6ce3d3c,
1,,e871082b7289a5f36b947cd9ecb60be1b5950a4cb6f44b387346d01c553ce8b7,
1,,e833a98126cb8560fd764d93c3d9137433327c11c66108439fa794138ef6df05,
1,,eb3403397c84064eccca133c22b8806f22885fc184629be4f565e2a188179352,
1,,eb015b312526a4c3168b8e817c6cb2f10e8b95d6db862a60cd595e24ead87154,
1,,e93543353e2447981e730309e9d8928380a9eaa2b175c766a1d60c7b376443e3,
1,,c3e5045e22c463abc76e159e5b2bba941917eca90ab9cfe5adb3c183d50b05fd,
1,,c45452b9e4ed5eefb405ba237db41eb65ef42f719ebdee12d091a90e0b79d021,
1,,c44802eb30e1779070335b6643520cbf07a43fb8ae18d254b4eabff564cc3488,
1,,c55ef72b7fc029db74b942b1c0e9f2906277a7e4fd682361a4f10a90897e87ad,
1,,c56991bd4a62624bbdec53b15ea0528e1079b8b85016103751cb00d4ed87c077,
1,,c6ac618e0315603b92cd7bb5535d4d88d93fc8c546f031a19e22b7be6915749f,
1,,c7af41f9a377ef392fe9501fd0c73e205d8b5a6ca0309bc8630b907a08213de3,
1,,c1f49185bd6f3d16695afeed9391797f70ccba12dbcd572d4fa7a127170ab00b,
1,,c1d90eec6d8debd19e11d8a627e6572d9520b866d763114b2cf7cc1b856080da,
1,,c1dc8a22e620e96646d67cde39bc5c33446d389a7cc7ae332dab78f1fb520509,
1,,c14ac49c1f75c0ed2611b75fb250edcb2b1e88d0580d91f91e176a71ff2ec1bb,
1,,c6051ea34bb98c3034199961d276ee7269b6e7d7eafc30444c1a67bd0123e03d,
1,,c35c8e44fa51703a29d7e858dbf685841ad2835fc6308374f5feb358c5ac9611,
1,,c662e4877594e0533b3b3beb900af524c879663dd492933599d4296be205d9d0,
1,,c264b0cfb5bbc8cde0f656960b8fb0f757d5302a13ff8b3897300d44b2a32de7,
1,,c24c8536799fb080186059d6ed85d89f1d0571a75291a745c3ce19190eec3d99,
1,,c215ec5af0e02f7f12cee9700ae568570e7cf1aecf4852254aaff24d4e5cfa75,
1,,c5dab9e306716fe4fcb4ab63443197d6d359992c96b99ddd708c3bd2f346f28b,
1,,c5dc86abfc14f2340c33e975b4ba55238cfa8f3ef9b6129331838619f607e69c,
1,,c0777fd240bea6d5e7c9290a120427192c87b63d975f7f12cba58ef9895e666d,
1,,c4174598acff1fc1fa2010f5206f9a70d0c0990649084c9afeb8f61634fc14ab,
1,,c2c6f18c3168502587da2fa6a2e5bab371fb0b7874c470ef080877735a898df5,
1,,c0804aff206c93ee848ceee50e4091a8756371dc172e019210696f989e067892,
1,,c0b9945f5a30aab0ff88402fcc89434201d9642b5f090e436c1ebef5e8dd5c13,
1,,6a88d9c42fbd624d3d5f9e225e9da1dcbf41c6657582ccb68b7a3258d05eced7,
1,,6c4b8c5ad70d9b33a015aae06acaa8684bd1b45bed69e72c96849e92bc901f2e,
1,,6c77ac8afdb32789c3b80325c365f9dfd4270d6d83ac97cbe08be7195cab07f5,
1,,6d06b11863a9d5dd7761c5cd8ebf4d15ef301f47b20f580abef6f8e059898756,
1,,6e971f9601d8075d3345687541d72b5f2ee1ce1127ede705e0450b58a5a9c914,
1,,69c3ec31ef3514bb8e8066d626c42309da4261a1a1f76d32bc3386a6742e1ddd,
1,,69d8837b0f2f2e3c099e5c63d1cbe46f1d35c460a131609afda075add1c8ee47,
1,,6979a1c7bc9f8d891fd3a5b269af1055839f4047e9f933256268379c113b5204,
1,,6f7b598e23efc92073aa83b328be43b76f1c7b8d871ae321fc30ab4289abfd71,
1,,6f716308e5554bbb2724239dce9f8d54103a0a07e765e90d5f4c1e834eb55b1d,
1,,6b657f2439b89e2b1d2c571ac5ae7da3557a479d7fb21ea4a74ad79350473cc8,
1,,6e5ab4d7a18fbc75d294a8a19bfcb7e26ec071714106f10450e2a3d0466a0a4c,
1,,6a3456e6d8f94b529a710c83b0ee83a9d1547b9283bf304a660a03bd8699e144,
1,,6df8ac79e9d0becc118e72d0ccf1d03c83a7c6907f41e8b3b2984098d71d6d3b,
1,,6c8ea807b86914aad207d2a31c31735b2f8ec28feadc09230e5eb6a567d6e155,
1,,68345bf746fbb10651170ae9a322b3e8af2fbd61fc00154109d36e4bdbfcf3ab,
1,,6c153e9a0d88246f6dc406f0b76eb4eea6d23dc22ba1671dee445593b84f3b2e,
1,,6c0a9831857302fdfc0780b602fb92d07a3a5e7d11acbda5c852f3094fc8a7e5,
1,,6f084c28485f3d9b4b1001ca449cad686b39d9af1131d7f7c52ebc6ac06ef5be,
1,,6b02dbd363a085d335cffb1911fb1cf7a6c704be17422d004dc29047208da0e2,
1,,6baf3bc67f0778b19fdefd8c011c6bc7ed84a6c9009c600deb7686a4e6863c1a,
1,,caac8ec1582b8826c29901628008590f8bf4e253f0ae4db42a7e030612da5e87,
1,,ca83ce374f443b0feb97454a2ea8c17f676c1cdec8f8a49d2b4adee98fde412d,
1,,cc58edee8db780bc1e06dcef598fd777c982fe8f2e8bec875c18e78252c85947,
1,,cd7d2527457e443011e26db0e5f6ae115716c5bde8d01d4d6eefed88eafd6493,
1,,cd7016a8b527d32f007459f6ee8f1bbd9dedcc72bc0c8c81202674fc96d4f5fb,
1,,cd49ee570b0a7925289e05073bc1fe78237ea26b0fe048b4aa4cf8645ed15ace,
1,,cd06bf90190f6685143302a52160c02941bfbbf1ba3a40f6f4c1bc7270115161,
1,,c9e6b8300777adfaed40557467a07e7083579b4a1f83dcbde2b73bdf12165401,
1,,ce34a7026895004c688c5a3cfa6bee2f6155bad6498594c3f7e66a2d4895512a,
1,,ce73af6616507f95ebbaba1af8f741e58573f3c19634e2d74111c75500a333ac,
1,,ca67c4424e8a5af1fcdd32c4dd301c79543cd200fa02abdc7856751d61c27eba,
1,,ca0f8b72725c3d7953551b6c8626fe178025ed87e1be360e998170996fb60b41,
1,,ca20ddd0485f82fca321a6682e5e9cac61ecf146ac6afbb23f4921631b3d97d5,
1,,ccbb7703fb34d6b9a1bec532cf028b4a5957d43d3ce64c4d3a6bc0bdca0b408a,
1,,cdbf53fabbd60cbdc1d5f2a717f960c3847314a80dfd92b000830b97fe33d868,
1,,ccdc2da2c2166059c2ce48d4df750d068b454a1735525e0e85b354d49962e581,
1,,c879a78f040af4a84ad2d5cc660ed9d0abb8474709ed5963ef8a008ec3d46a3c,
1,,cf14133f649a9a8bfca8c933dffbb297f47c5ef96f0be3d116e24e709f1f0c37,
1,,cf023f48805833ab735c77eef370aa0d0175f778aa88eae18db5e97a3ead757e,
1,,cb9558452d7d48dc8993709830128a6bc7e83bd928b6e38fabb75a2baaa972ca,
1,,cb9926b025ec17a3c0e02504c41ff99993d28fec33bafbee34ea272d20e747a6,
1,,cb880736885f896a46323e02fc769e532177f71e78b1145023550fd2d1ae8c57,
1,,c93cda4bcd2328b45ad353a6ac326f625d6f8c9dae440faad48528dd60a5f386,
1,,4bc3f06977220dc033a089c74e90fee45b44a0aa0f4fb29222c17eee29c02cad,
1,,4bf913d9e898a24b299c808cca4370e857e2ee8bef3a6712ad1b8be6e9422913,
1,,4c58d7bab7be5c818b5c9cca392a868f1a6d7ad9bec72d2b8a156a2c14f57310,
1,,4c44deb6aa8c809ce336a8344bdefd675c0de21383daa639691df0c786085f63,
1,,4d0d0305371d2994dfc39af853ba58af535f51caaf74d66d631bc1e8800a190b,
1,,4ebdbe5b5c862989e78ca52b53230a0d089e0a62e9326a3e41bfb8f9394ac410,
1,,497e59648d174021ce7114fe381fa7a931ca7e42b54c52f16ab8c97f6e029c65,
1,,4e35de7b4cd7454ba918d56eb6fd61502270654726d1ba6bad9de59c866ac1bb,
1,,4b62cc02609584c7e51a5b4d9ccfc40f449e842e7ca6c329744d4a2d46cfe01b,
1,,4e7d0639ff3ce2fcddbc92fa8dd5f040543a9a37fba515d3ce7f604b52619fc1,
1,,4a125111171f6eafb974fc7583950e3e1276aad888f124bdb37df20e1413750e,
1,,4df4e87764e420e64f69b4381f6de16f47a8fbad438a2b2211c33e031fedec02,
1,,4df177372b213f97300eb4154dc4916a7f8269eee0238eaeacb12f9e2c4dba13,
1,,4dc17ee4fafc19b0181e480743223ec47fb937d2d2c142e48f33e56ed222549a,
1,,4c971e71bbfe0bbb3c0b25f146f4006443adfa8e5a240c10cf3ee5ffd5bf7407,
1,,4db3c00352a6e47aa5580ce4fe6a8aae915747c4c53b2c205cde1fa688d0f474,
1,,4fdf06c75a9b05b326273eec8e6db3e3a605114777a3e09aad9dc209c9eda06b,
1,,4fd8a1c5003bf35a0bfe84ddbc8adf18371676a196d90dd9df5319fd250a6d8f,
1,,48578d0d4dce07dac50e8befb669573e0095902099e16182797df2c3ae8950f0,
1,,48367489ac489756fb51f77b92e6a2bdd49acc9c4f5a4b50c499551383080c46,
1,,48d6e85729e6c1930560c08f6b2613bd3d37c2243e68cd8601434f1c8b6609de,
1,,4f244fe63adcbd46b3dc70d8dfbdb7a7694a57cf425f6e46483c9717d5c9a683,
1,,4938e3b32e7c7ae697705ad11717f33ef52a45ac27fdce5255179b3dffd32e0f,
1,,4295dab2bd59406ab2776a5c208a90b4c93c8035f88a3bf78538725d135337c9,
1,,4290e3172bd47f11bb36d726cac749b59820a43628f2b9aa50cbc7f8ff5f3d17,
1,,44531f733b5f108b07bb2324ea36aa64ce4612c1df3b03e04dcdef2feb2829d1,
1,,46986f3f7af6c5fb535852841657da00312db47293d2942d5e1d1a65b826c305,
1,,47bbb25efcd093ac25916679ff59e7c73fac30737fdefae5aa778861d382aa90,
1,,479b454720f6cfcc5e11ca955d0aaf6854e1eade6ecf60500092e83967d17b2e,
1,,478704eb1c1ac6bea2881deae0152183eb70538bb1e84ac8a235ae60194d1f62,
1,,417c51a8fa3d21bcc2cf9ed49cedb67c63f955d03967b666fe7d19049d8bc474,
1,,4612d20f595811570b6dbc9284c4ada4323aac633c933ad89c8604c7dc9f3961,
1,,43703bb30123ec4f5ac1786a66022cbbea3f89cf3418174c106e9dd4fcf04141,
1,,4664818783bd8b570eb1c2eea02e07c4c1333d757bc6bf91df8b459a47665bc7,
1,,425b69737625d0cf6656d5cfe26b97aca6f76946a96767c49297629bbcabd0d7,
1,,422eb8da20b1ee90e77da7d3ce8709ed132c6f60ca63f1be00cc86a45623839b,
1,,45fcb6d3c44e9b68604ec585f854621f862ae92f83e95f037269aac95714aa55,
1,,45dcbace19da5306b96de27b9b19baa6c8beee37fc509d8ae6f47476a8f77c1f,
1,,47d3a980ce356dfdde09c00fc82f5e6619e7ea4eb6ceaf4b3f225d72cdcdfc13,
1,,46c40990b40f2d3d9c9e70429c2cc76fd3f7a01afc6efb85a50feee4bb203e0d,
1,,4710d471084afd3a7441d429fbed830065184525cd2b0c0a9a45d81f2c71e41e,
1,,4129fb95481141ad4bce194cc16c11f07f684daa8005b46669bf95e219254503,
1,,40814661b37a2ed539ce9d41028449e40610e75b5fcd730db39fcaafc4a0d28a,
1,,bab52808b7367a47a4215dcaed0777f02eb448bd3e711c90cf90f8f7dafdc1b1,
1,,bab11bb519ab83aa8ef099af892cc19e8d7a8cf059edf4f0c1571cb5d57879b7,
1,,bab05863fb1a27c33144f16ad5712b9eed23da91fd6285182b17382ed589ff7c,
1,,bc6203cc49e78450b0f28da77cc7395979840f0eb3f04af15dbf6e74ecad6d47,
1,,bc56917150f3cee924826e8335f336173871622662823c49a93c3a3014078cad,
1,,bd7f12e758e37a9eeb3cb5007f699576e896bf422d48223b9a521061c63623fd,
1,,bd66e906a933334ee71a6e8cecdb44313db87a581658f130dffbd41d3c1d7c5c,
1,,b9591c0f959c7cb8aac41527483127495cd8ead6460fce98f40fc05f51c35795,
1,,be1061ef8557a072abb3f6657662443bb25203f7b64ed2a29ad1b5cefa3b4863,
1,,be3645d0bddb63df7052890fa80b3e683a0e9c99df4f59b1d0d5d8f760bceff2,
1,,be17677c8bcc9a7ef4829e282266bf5504d3384129780f9704d7b22a4e7728f5,
1,,be5ee23ca8067b1c18e29d936b769480438c88358e6066ab32fc8172b922ee4c,
1,,ba5a24719d11d5a80b4ac87d3d530b8fbff5e9df6650980f11709d3e59781883,
1,,ba5965487509fc5b6ed9def17dd9183684fbc9e175bc5f9cb4aacc40926317ae,
1,,bcb7b94a9bfd00e6e4a44e53d0e3e179417d8b5187394d604a57144ef243532e,
1,,bdadb62a6cc9e00a4970e560fd9610678dfc97290323c9bbf52fc66fe2c96f1b,
1,,bfe1bcddd6f398157b58e51ba1a4225c5b356911ec64a491755ccd9cdfc92ce9,
1,,bef1d5f7e04ee6e2cc9d0d3c87af3c866a2ff1487b16695ca356ab68ffb4e17c,
1,,bed13735575e381c1ca1bf8068f2d44005c095f01f87551d04fd746f0f2626ec,
1,,b8e4913d78c0bc646be3d577874fa18a5492ddb0a6f044f022cd96b5ffaf1026,
1,,baedf959ef5f6faae3d1278adc796c6ffaa9a53f6b30d193db711013ddeb8f46,
1,,bf3ecb61a3675426b28e438425fcd8fa78f472bb65850a8010a2e5d0ce45080d,
1,,bb8342372c5da72e5cfdd9691ec6ac9ab37d158b4fd6866d42321bcda7001024,
1,,b9b2da185d40ac77d63e60e0a74897a7990d59388de5d1bc0df723e29f06a60b,
1,,b9b8fba82ea8fba1685e0c7505fcded56a17cbe7fba4fc28260e47c85fb47424,
1,,b98c9588d93aef46185dbc53d76803f45454302b11f792e058577524fe99dd88,
1,,b98c21c57fff0f2da78465db2b8b0f4e6f4543b4ab06e3feb224b0bffe11ca38,
1,,92b0d2980025ee06634f144e29e04e94137cb189e4f6d789edb4084756a69d6a,
1,,944fa4636351bc999166547f63450acf4cfa7020eee194d52416db5e0cd14959,
1,,95321de48a0c9b7b810738d7002d2d4d1bd1dedfbe0d2e3e00cda6e8e0f6e3b8,
1,,9745c846f30ad66c7082fb50b9ec94c1a1001b15d782e5a23748e9a77ce8acdc,
1,,9620a7368a107dbf57da89500846912ed779a805ffa1601476eb039f77159733,
1,,964d44dfed277d0cab9028ab299fcaf9102a17d0914be98bec803eac2d464217,
1,,9246e2f985506318ae0e38a1931258f75cdda9b0fbd689b1b1c0b0194ca44cb9,
1,,95b5b28efd7f8f11d7d2f6203983229dc689dee4c458de13817e7e82e4c9b40a,
1,,95b0f24ad4c74c2a15671a9992d9e222c151e1596e45017515ba6ede1a475f55,
1,,95b163be6b6a961acaf1f916b746920e0a2fc1b64a7d5507ccc69fc082780f94,
1,,94eba797232684eddb21fb7af708986c5f541165b06f348c43950e0e295cd21a,
1,,905714cb142b73bd086703d22e448c6e245194405fceffc9c27d374f8aafdccc,
1,,940f9b366a369ab4c4040fdbccd3721bc99b0df84cc0a5acd13507e25cd55394,
1,,92f568b3d523be479baebd6d5800d984dcad538f1e45b9a66201f49fea2508e5,
1,,92fd0b4e8775e6dc3677f728502fc8694b579d14bd639a3f1cf4720f5eb12862,
1,,971d6d71012aa8fef48a91956f546e153cdffdd470ab21c2e0bc2bc11f6ed543,
1,,9335f76adec393ca0ac8d18afe3625dc0782fa3712d46c13425aa091f5aca093,
1,,9318c1157e112c106d40415b414dc892f128f3e60530876ee459b9fc6c06e4a6,
1,,919feea21e54007fb477105ab688c82cfbe4e93def9844bbc03c40071b16fbb2,
1,,9197ea2b753b3f39b85e7d04f537369261692d3fab07ed980d5b1c4af8a0c3a8,
1,,b3dabb4d8a8a4a9a6114725b447fa25b0a56058929724e591c4b69420eaf8260,
1,,b29ab49b4bf137267ef621a9a0ac23d6f2e16d3794e07769c69c1c0bc68a6f36,
1,,b475a1663c18e893c1200835cadbcc2b6c97a7bec5f191d259b5d90245dda12c,
1,,b453e03196e18fb5f33de23a446e2a77580381f0b147e72f267e6d2f89ff6e49,
1,,b5794470cbeac62cac1e9df9a0ffe8d1cc0f055880f96e878c562eb0fe0555a2,
1,,b53876668e8a3bd95b7cb191fd0957613e2b7dfcdd4eed01239c0e868b6e16d3,
1,,b79425626d7dcbf632b3e6b1933fc56b54841615a61acb59b1d8589fcca60356,
1,,b1d2ff06c2fba605eb392e487653622b8d15edcf0f9b5b039f86e989492f806e,
1,,b14f73a3fc1be7197463aaeb5c58ab73e5fbcac033413d4d0d57141c4ee26287,
1,,b771c8c75a71cfa106fcf3c6b97888d5dccaffe1f4ad8dff695a2271f8e1a8dd,
1,,b6243e0a026d5b856a344a21b9bcb69bf9dec68626170f2b33dc3182f4c88a10,
1,,b66c1e659bc8ea49bd30358a05832e35947ffd75f74e5ec7da1aa9c16dfa5c0c,
1,,b23a79cb3dfd174f88e4a4b7aab58ae7d9bbb3b39676f0cd576a3b1796fd770f,
1,,b2127a08a712d7a7e3f69ee788e0ae94df5fe53c9b7fa1309b9e866861de290a,
1,,b5e2d790a94a2ee3884bd210e5e7277a4dd04604d0963f7f429868a71bf65dae,
1,,b5d65cf3e15dddbe940ec91fb6c935851cf2a979ee4f16daa357a2d669fa4005,
1,,b5d83f188222a4c37618f2c803968ca649e0c567527c25262dbaa2503fa54cdc,
1,,b4bb0022cc4ccd8e356195b181b482be1138220991951d09be4f34692894618a,
1,,b6f4352cddead3ee7e4ff377b4972643cc145c67011b4cd20026818707478f89,
1,,b4cbd37877199f3684a640b69a8dd921e5d378d3cd993502dce8088c8b480bc0,
1,,b0fddf2efbdee4f41ff09b3cb7f4eec43b1cb4eff7148b8b8f0271f2b6417b16,
1,,b43205fb5465a1536f033e9854515a613673966f985d39c507470596c033b8ae,
1,,b2dddb8775b24813625379d6f3a858140f81c7e8fbb98873d332357e899c0d17,
1,,b13b1c3f4e788fbebb4380be7675e0e2b41018f32cb3dab0cd2f384bfe8ff062,
1,,b11155e13ba10dc9501e84227b8a242f31298b9edfcefad99f1db5e5acf1ed46,
1,,fd18ce434cb36641f72d0e6504b4252247db304eb2aa9293f63039bcb225a356,
1,,feb206ec58e4e98380080f07ae558a906c173e585ce1778d0d557960fbebae3a,
1,,ffb27d2b2c3bb6d9bf2fdd18474dbd4dab6c65a6a39634ff1bb110f7e372b560,
1,,ff907849bc4d6dd4d826c5e1239c2f2650b9fbb88b7678b3d203ea72c1e0ff88,
1,,f979b6cbbc5f02ecd91730c1e62e42e3090fe8302f3f77aaa13dd8ededb95d0d,
1,,ff4f4cdd281b0166178440ba84a9522bb854b5a68e123a36c29d1478241953d7,
1,,fb47de7655a99d260bd1b63baae0aa48d5ba9dbb2a570375c4b86511bc1b096d,
1,,fa6b9f2556bbb72745e7013c4ef7665a0f9e75f6628834b5bf131c995e0c43df,
1,,fefb77c2fc2976c0a4ae3f8f01877cbc52bc5ad1c97aae4ca7b884b4815cea25,
1,,fef99b80a19176a8457c8e3000a2ef20a7c87bdc0b0bac881dfeee7f9014ae49,
1,,fcc5fa77a670d981ecec235e2b531d1951f14dc1f06d0dbdca2cee89d021896d,
1,,f819d489facd6c0f874f5010a82f7c5206c5c23cd5ac1bbefd5aa27c79eea07b,
1,,f8d6a75df90562b6be448eea825127eab91ff516e98420f78d3e1b2b2b62a090,
1,,fb37d6f6357a7645380d38325eef55e3b273f9f4788b90950be5c07b22f41e2c,
1,,fb9260ba669a4214dde806b5b376bd1a3e1174e08ad6d6f3718a45355c9cd535,
1,,fbb9916b9321a6cd6f1b7a8d5f4bb19aee61cfe4f35034e7c0c5cdcd29d88f9c,
1,,fb880b3599c726665a9de4b299f9d8d4fcbf8a6bd110e68748e63531e10015da,
1,,f93b37c48eb0f8cd6e913fa67bf989db6a2c9fb9523b959476668edb396407ed,
1,,dbe71cf2c606cb84abf803dbc3b426c34ca1152651b86388a6ee3102f81f7313,
1,,deae68d85e5f44087bc4dc8946063fbffad5dcee3628d62126b54b35a09919c0,
1,,de9c8ac2385963d90da4d0089458e39ef071693c991831f6fdef4446b71ce74f,
1,,dfbbab547e193fe7aae9c3df0326285e1efbeaa39bf1f8f20530ef74b6eef4b1,
1,,df9bc3e2d875f455b19dd787cc46020c192ebe2d80dce9201eb5aa53150946a9,
1,,d95087b90aa849ea220e10112746bdea9f1849c8c0f62dc49988a6fcb006f6ae,
1,,de2b3302487427532b78ae9d9d0b82b568669c0dc5bce649213489e4936b1718,
1,,da62cc43ed111895686bc84801c18bfe798ed42a5a345fc3b111449fa852df8c,
1,,da377f4d3093d4d2ba91f819c27387974262ee7ee5f67bcace84209996550091,
1,,dde302ce4b79cbcb57ba428aef9d56ef55ce64224b19bb974738b6b51617606b,
1,,ddd19a193299a46fe9e32558f25823387b9519e891be62a8bc0211cb3228e666,
1,,dca4489b2ee34f36d4cabf6c4699a329491717acccadeede7f3a48a78721042d,
1,,dcd06c2bde16e92c65e7dfa9dd14ae571cfb8ac18c337c2391adf90ac6665a73,
1,,d81a2b1f0f903ef519a0ad741008f232b970e2d2e2d107ca6fc605b1194fd27c,
1,,d8d53368593aa6db7dbe45aac09166dbf9aa7a1f5bdc6c37a6a8d458db7fec43,
1,,d8e0bbe0189aa28205a31b781a19f7a68d633d92c22a33cbc1d7ab5631c52c7e,
1,,dc24b957d223d6254e2b7da1a80c0ce8be5cdd9af792a8400becc6843070e25a,
1,,db80e5d3f325ab37f0e09b0c4fc045c1dd4800e9eff8834c2c76138320c91232,
1,,d98896fc05c94600e14120a161d3bf6e5ad7dd2a889dfb5e2198db5bbcc3d005,
1,,d9070c18bfe999d185600ed9864d811c1ac77714c0e90814c9c272df0debb3fc,
1,,9bc4b0f7314784b3cc7e4279b3cb2c74a7cf8b830fb1354cae8c0560984ee5c5,
1,,9aaf66ac318a472343389199807a60827276667c66b5dbd0f2d6423b457bc71c,
1,,9c6c2b9848707f130f98bf36ccce4f7842279f0a826d871e12e078dc41dd7acb,
1,,9c56f3e7302b8c2373063bc9a97229cd0ff8fafe301b88735702138793c43df4,
1,,9d307f16ec220adef9b764c2728e6183ef432122480ea713d04b87c73f0541bc,
1,,9d103acfc107757f9598381990f1738f117b264b1490b2b969c60b7468804e88,
1,,9eb954d0a56b8b8f7ca2d53e58d917b24cffa547d4d81890ebe2260c10132645,
1,,994393900c5badbdbe5d869f9bcbd02d0eed9fc9e57318a0e604bcea903362cf,
1,,9f7a93916893b965c8f5c36ca8302af01aedf5d5dcd8a2ae49fac22e2d1fb0f2,
1,,9e322a0f8888be3bc655c7a86aaa020ea91e226e914ae6b062b9f940de6db8b5,
1,,9e029beb8e52680c63d930d7f71892accbba8da8c90aea3969fa973fe02029c4,
1,,9b69a8c8a20a3af7d6cff02f789975b73e4fb6b52daaed465e0288898503ab98,
1,,9b48a905496ee8ccf9aea7ebeaa25cf18db6ca5d8f39b10ba3af67062e0ef80c,
1,,9e7b882b5e3314e2f09fd95763014e59b529b243a39328bf7c8f53835b159db4,
1,,9a31da6def5ccdf61145296d39881c770e743e40b9c48f424cc6d060a1c98254,
1,,9d991e03bef21e32cde1be454a3f95cd3e79a461de0fc713c228286e9327da40,
1,,9ffdaaf07849f948327789c83424d5fceb7f7191fa4b9034c278d232087df85d,
1,,9fd69cd10970073f0e4764223a98dfa0f7a26f6d8358c75658ee0e1d6b4720ab,
1,,98004324097c6335461522ecbc13d309ebf964a7ca30746b5232d1c5e77a7d38,
1,,98eec336f22844f97757b111aa28a11df5873295bdbec69491ee2b23c3c8c407,
1,,9c2f3cccbd2fbf252f2e66210dc140747e42d7f131a4e2775be51d3036d550fe,
1,,9b17cecb4861d1e5361896a77bb942d57b5b02477e0a183e848bc342b568fc81,
1,,991b0966c893f727de787031be7760d5564d73e365cb9083f504eba04e009570,
1,,9889a3d984eb4b1bfe12d9540287568006de2dd14369087d5fd1a5df68dfbfc8,
1,,98842917df52e5f3035e124ea2985340ef98be2adae48ac2fce7033a9a7b2062,
1,,0d5b3b843d12fefd2de8671c36bc7e4a689de455ad2511fd7ebf642c1df9ace4,
1,,0f8777628c200334b4c38dd2c8d8fb76f32588b18d9be66a15341cef3b40991a,
1,,09c4fee1362166dd168cfc51a8bf7caeeff183c8bb037df8e9d1a1ced9ab3e59,
1,,09659e22bfe153977db9486ab4824d8ab3e832a5aea240a51cfe2897d11f659e,
1,,0a6a7a622d197f5d2b1ae0e7b11d35287d57a6d629bf328d20c5fbbad74b198f,
1,,0a5d668967d2dead5ddc9b47ca5c8d21b3d77c5efb053113f8ed762faade538c,
1,,0ddfb454ea0b071033ef6c9c7e0601515535c7c558abf2ecfcd7c3293b7a0c29,
1,,0dd5db4b8f7d44f989d34e814dd08adc2678d0878f028294a49b9cb7604279da,
1,,0dd730070e7e4b0c892561eb744d9c9b61665b7e68014f79ddab06b19ed0cc58,
1,,0c9580837b2bcae14b7c955a55b5b6ff4264f3f2ad9a7f6effc163768e85eb77,
1,,0d8bde382c43420b0d6065c843aace20c71d2327642d31a17a625dc74488db12,
1,,0dbe98c9e32f4d7ac54e3e1ff4eb58138a895f786e3e30655182ff94a4d94102,
1,,0ffb30d71d42c43c4c7fb8049521580dde56cc914005682e2db1f961cc67a178,
1,,0ec262c4c1b45c9291097c1befa6ced184e12cf586984176a12715cd66cd5324,
1,,0ecd2b5df9018654531f57adfe75082916c5f52bdb3b4b1a71f5a21c12b39b1a,
1,,0ccb7ae6201ec6b5f07992843201bb149f593d485a337259dd1fa780054c2a28,
1,,0c3f19361c89ed2f32149f43641c85f7178853b287913a8f4990acd181c374b9,
1,,0c016b4448446653f79085cacfbdcbfc4ca76a88bd20c4a1c25aec4b754fef8e,
1,,0c177e43bb2f1adcd504cfb9a4f3909fcd3adb707a521c6c0001611a1c533ae5,
1,,0c3815f2f62b0288af7797289a24bf51e2bae03e280cc844f0d9120708a2586c,
1,,0ac0b35404a5b3cd653add31c75861b426e5fda69af3444ea01fa496cad4f25d,
1,,0996c49831bad5d39c59ee3b0cabf8d836422dc48b5633880ede170a50d1f4c2,
1,,09352816dcc445b9b84a6db74b9ad18530cc09d43857214d4735d2f640451518,
1,,046df2b5f2ee579f57e4d58310425edd8d9f72b0e7bd084207f005e17338e27d,
1,,0457d9519dd134bc2dec28447c9c36bea0265b40b83808f69e967421ca76cec2,
1,,055a0d6285ba104320e4526ad4d002564ab62dc5fe0b1fd3283b5fe226a7f5de,
1,,054356da1def933e1b21341440f8661c448d2d8d0f33cdfee7db035846b9daf8,
1,,050a82b34d68965ca68afab4f46d66954cab74f702de34e25a5411d4ace3c234,
1,,07a5fa6c3660ffa138ef5afd4ac7649d2c2078899937484faaf59bc469dead44,
1,,01410c2d76b1d7d5189d0e2f325a4d555a3b9a95553f5a623107ea8eba0fc4c6,
1,,06568fba737724400bad060f54d12638cf7b60823e004ca08ebc6f83990cc122,
1,,05a118d4de50cd10eaf6129b4ce5ed6497ee758f714a6bd43e0c5f309b590c80,
1,,06ee7fbc19d741795745ab346df41052811642a593b6cb348d3d34133315f6c0,
1,,06ccd23557251d54d702fe943e73be4fd92cfd7b40cf8a07974b77bd43bee064,
1,,006db8078647397dda8e4da3c9ada0e957a942545e4aba3e0069d84d616d6068,
1,,02fc8e157d5413b4cd6221ebc47489ef7f86d1c144f43e16b4efee37f2e821a5,
1,,02fe3f707b44f35a5f98303cad303f1f1130966af8636580f671e3a4b24832ea,
1,,02dc76384e7b7800d83be7eaedc97a6f1599a0eb866e58017e3d00f9ad8a2d12,
1,,07237137ba8fd35dd3414c195e4c624fb62c63cdfecf3e45e6a9faf441c61857,
1,,072a5d4650b8cc2be29af00655414cfbffc38a8940b8915a35fc90d19a9a9ec1,
1,,031a24a9268e9c212afcab36412669921509fd369019e9574042c0dd5072675d,
1,,011f0970e7eba0bc369b7c1549f9307be917cb1fb7b15b524f9bc50d241b83a0,
1,,1d5e185630c4239c90d30f02edec283c96492e9d3a25a3686757da13fb153496,
1,,1d7ff8b205ca69d7d92ce7bde8cc9e0c659b2f9e9787dfcdd9801ecb885928f2,
1,,19c7bc6f8980d9d3c103224269aa137b851d94ceb106a9bc19c91d5471ae1e84,
1,,196fc11541441c1380095620705c289ba401cdd115e1585c9bbadba50c07c7c6,
1,,1b7b94b994846275c44be444957fe039aa58fb8c553e9ade21440658ec135366,
1,,1a5d9d0ca09f449836c98ad27065639bfca8f726d588dc3f3b90f4bafd3a5220,
1,,1a30390bc3572ba8145cde5f7290ad9c5f9b44f09722b2b26a26b40278d80887,
1,,1a25062c4513463e9da498bc0f99599801c8199cb966745441932356212c77f2,
1,,1df42392c10ed19540d577ba3d0846710bef711cb7a1230f6499f149cc57fe5f,
1,,1da73a27fdd9067b036dba0656625e8c5de1f8320970c8a62928425716eafd95,
1,,1ef55d66206b793488c63ca2c87e2d4afecf297b21c915a1c8f82dfb65ef9e37,
1,,1cf409cb0075e95b4adecc5951b444c090d60a3c1cae3d31ca67326882a243cb,
1,,1c3945e4129f59fed3adb3100e28fbd210d449bd43b02efeaa8e502189e1d1c3,
1,,1ae7d502e585b4623a76959839b16e1b5390c3369d4b82107fd4eca7c7eee6dc,
1,,1bba0cdeba0ec72d3beb5977c27cc55021489c716bd9467fd688e9b54a1df785,
1,,1ba12aeaf2b0db3c058c9d305ca727c5f4b1e383e13f0a26dfc86fd4d09bbefe,
1,,199a401ad7cafb420b686f0af98e2d9212ee96fa9db2abe3b4e5aeb59d4c1151,
1,,82ab169b6d7e6c7134ff763b738537a1d737308cc13f14893bc6ba07201691ef,
1,,851eee1b0d69b9d9121be54576452523ea479812ec84d135c7d7d277faac0e3b,
1,,87bcdd6ba699317ece7f2a2fd3855c9a630c0042f72d8166f3aa2423fb61d77e,
1,,87b300986b2ddeeb5075f762b77198bbadcca5594a4ba29b421db9c8898f476f,
1,,878d1a6f624a52b0bb854f536031483d40620b29c28083a79a9fead838c0683f,
1,,81f597a6640ba8f274b9552f17c2e32920be4dedcda145df5f63ecd4a1f4ce31,
1,,8677e5030ec2e2443f0460ef9521cabb72d6d5509d482dabd12cec5f8717116b,
1,,82214e7ed34a4e1496fca3addf9decca608a3c1328fa733d089a5eaa7014286b,
1,,87cec62e1c37b69a36bf55d5e024b5d99d8f35c6d560cd0382b7a111c5b6a43f,
1,,86dc06bb3701b3f1f468583e77733346f0336d2e96359071866d912cdcffffdd,
1,,84c45a55e575b27c5ba4454f58b5aeec6c5af23ebb30e541d8b6f39ae908bc54,
1,,804b0c55aa0174a25ec4e7d7b94b057d64ce5773299eac5963b6562e2cef9a09,
1,,842f0ab7bc78e81be4490e10a69388e67236e42e2e4913a3ee9c96885481e0d1,
1,,832f57957d039efa5c4fc7f5f5a2ba93c81e0c657b25ed3a484c64ec05b81514,
1,,830c13a804461133d5095e0a6163f160d6b32a1ca5cf68145145427bf290b28b,
1,,81b529ce5cf9cdd973629a9071e62fc71f2a279efe9d78b85674a2353f73949e,
1,,81b9ce5266af2361b384b4d9dc38789cb1523f7158ea5aecf9068b5dd6a596de,
1,,80b84319e023b4b2a20b79b387b6f77e4ea5247998c9804385a21134a44fd122,
1,,5a93eb080291f6c5bd272af4ae6f964e84841582833389c3db9f4d542d7a0f40,
1,,5c6bb48b94388a855d1b8a0d66086ee1d65408dbe68045027f623df4a997c468,
1,,5c53f01535539c5c4362103c234c1c460c195e4d5bec0887075599053ab642fc,
1,,5d6ac3dc780d1cfe4a96f0f224338f68ee5ef1445cd69fc55712f8271d45a829,
1,,5e8e7366bd2ac5b696f86496bdea4b36585eba0d63ec352de0bba2b873e80c4d,
1,,5faf3b9ec730af0690c1285b467e5cfa68787702dd5c8c60aaf54e9dfdf2af22,
1,,5e7e971d76ff10902a6cee6b8f9ea54eb3a771c082d2ae673896da870a457818,
1,,5a1f1797b3faeccf30b40447535be4df8fc9cf75771a6b4af9c7535c3c7ff52b,
1,,5a247c8d5539843543f18835f05e037aa0ca69885430e90a5ac10bfe4da77483,
1,,5a36095301fb9aa863e7b87aac7d4cac4f823e2202efacd83bbc0ede8bfb7b50,
1,,5c9812de25abd1d2c3b90840a128d57a57b700458bb946411e1c27dc92cc5133,
1,,5db3d5f03776732e8dd26a3dd18ddc66f94dba46be9a5fceffcbb05ea1221cac,
1,,5fc9e137bb9bac3deef7f039e6f8856ea44f9e33ff28d5c9af2f905f89fc4089,
1,,58642e3563dc3f809eda47601223ca67659abb4dfb0174aa6638e3ac21a1d3d8,
1,,58e3296858aa029fe582065481a2eb81ac3f4912632f0ad896b6fd810708e397,
1,,58ce204f137f985e3b2895c1408c83d795d8d863ece1bed5d084ff5944a80aee,
1,,5ad3a566b33a7428ac887ccb41dad186719386e20450bc12b8deb058184c550c,
1,,5afe35c06a7c14445ff8a463746085db4a3d854201375ed3120fb0c4273b1535,
1,,5b9fec0d192dd4d26211271909e0eefd17f3dc614c097171b7727ba9b88f351a,
1,,5880243996d0a47765cb7dae229bbd874f294705406f8ea20f25b7a6a195ba66,
1,,e3df1f3fc15ab60fe531ad98d42f5d7a476d517614384686c9aa7a629dfcc453,
1,,e3e9e8610cf183eaf956a0c2beae5d832107dd6399f3447fdf4f4b69dbb75130,
1,,e459e10698ef6246d87aafac344690b80aa30339c2ebee7ec759768cfe8c9877,
1,,e6ae83c1ddb027b9d8bb930e2e086e18660477524eb2a13dcb0c563958638e4b,
1,,e6a59c9228482d0b35d1d97e086433f8a4294e372b49c8c7f06d30c3e9372904,
1,,e1d1a46839039b0d8dc01f41431926a0126be6dd8bab40cda82e62b5ce196fd3,
1,,e60f2d0477ff85667d1c32fc9cda3b8b2dddd984652eebfd0950bb7af45dad13,
1,,e37684e8e6919dc964c1e72c12f9288c3ce1aa35bc6631c5931a26070b3e4017,
1,,e3462696a4eba1b2b1a0b0c432a8a3af3baa28e489a85dc70dcd8427be0f5330,
1,,e2790ae5b174193f264526ad571d39172ba0c6b34e40d811e8e6d4bc69b212d1,
1,,e24c63f09b060c16929a4bcec7509d7375b2cf03e97b9eb6cd72f16f1d40b25a,
1,,e244240a7c294af42fe9cbef4bb2720c4b98a981bf2aadfc6b9c8c748b7b6498,
1,,e2070250f653dff0fbba17a2562a0c2915402ab0c3e7f1bdc08907546348843e,
1,,e5b44d20e15d4dfc59ba3bf4c00075bf976acb7806ae90fe97f9a5449693a5cf,
1,,e58174e293626a9017aaa611de5c7d11233624e46cdaa62c525c6feb3ab04059,
1,,e58cf8b4d9fbc29fe1d58bdd05315e9f19b73603ea41bfb02654db9c1ff859a8,
1,,e7d60982f5c847a62aa6603678f4da5c63fb276f0d1051d805021c2dedf9ac63,
1,,e4d7b58f079f4c24501f2db8ff2e854fee03b15b90751a2a203edf413200fcc7,
1,,e0c508bca0cc3610006b0441ebcd78009795fefc3dec565ca0d1f98cc55ed5bd,
1,,e40a6c12ca7e465122a4509823c4af1e9ad6f6fcb32af568954d31257fd899f0,
1,,e41947315223c6c606e75c7a6453a81f9a10823911dbf3ab8a9538525352c4ef,
1,,e2c0a7721c69284ec470fc2f4759d0dcee1782822220468f30ea15b8dbcd2ea9,
1,,645e34eb131be0fb233f1dcae40e78a81468cb451911b02f390f5e6c9dd7d9cf,
1,,656521f2def839c365f62b3848fbef7104ab11fe418aad460b7e445a1b709aed,
1,,657e69a6ceb0596e0df0b3e961635401f8c7f9b3fd985a94337fa88fa9634c5c,
1,,61d3b2af3cff0915e6f11edf3771195424d6a489e51828061255dca04bdfe1ad,
1,,6146f6d778adce2273462403947fa197737fc82e3c3547443242dc1c7b168277,
1,,61572a14c1f3946a7bcefc3f8fb1d0224da95559ee80509837c4cf566ad1a3fb,
1,,674e26cbd2a7c6a6d33160e84a05b31a409e256c47c7b296b057b3b850bdbab2,
1,,663a89e507c4ac0ee29700d28b446700d83e75bf2647e0cbd982bfb404e97d8f,
1,,66044bda8fabe7558d1fa48b53c92b40fc54bb69c195426e06024fea61208600,
1,,665350f151dd2af1550617e2d6d832cd0d21c3e55a5518a9b94299dc652718b1,
1,,6228780b517713a6ba5fd3c0f11f24d5b545ffb00f527ccf673738fe8f7eb4be,
1,,620fcf015cf23fac116f6c1ad24f13cc55e21eddf5155b07d53e1c66a8fb8450,
1,,6592c750fbcde6087fbdc2b9e87f3023cc899fe75b4ffe0550accd14fc62b4d7,
1,,67c0bcb7d5d4fa64cff830f4541214189721ac772b09b3784dfa799f37d7020b,
1,,66f1e1767848672f21d31fa36a6abdd8670e4d35dac56fb1cac8e7f95e5f5bf7,
1,,64c39e855c3ca697fbe82c1d34068045b5a9d8d695e454bfb68702d810a5ff3e,
1,,604a767a1e48c0e1117269a762c73fb9197d2c819076fa65263b4430e14eabae,
1,,6067c594e44a9ac0d5c299a7e900538253b58b43e16f249d53522a88640511d5,
1,,6078b50770cd272b516e6b4a3e1deb488147b6600204637767c7357877e6cac5,
1,,6703f7c755f4f16e735ee639b65e8ee04232752cafb16b2514fa8f198e33e58d,
1,,63b0922a0d9e600588d678e2ab8c851c0d7ab34dc8299dfb48780e93df9acb97,
1,,6390e493de98831c7304c34eb604bb4f3ba1f79864c5c65a90bb4ee2950a5e17,
1,,6397f1f6f40778331c5302c07f5bd2b57326545bcc6e45fe0188eca4fe06aa28,
1,,61bc08803f07d8db33803fbf81a9fe83c7c89536beef17333b54e69b128c9d15,
1,,618997edb34e26d08be106ac89e19b112441aa559ca71bf7432ce93ce75af041,
1,,74558a3778b818f3e2370dbb92cd14d67d822312ee88cd6e69e9cf4eeb1e68fd,
1,,744848fd421c73efcc01130047bfec80fe8580807e51e5bb705a19849c2e57cc,
1,,75580ac7c59498e90295b8fc96192cc2aa833a8474ceb5cc12f52be9d5a067ee,
1,,7549c40375b233f96b8d55d8e3644139b8b45ca372013b60ecba9622eb42763e,
1,,753b1856958b3f9330d7967232756a0e2c62daa5691f3b195a5e1cce6fb1cc50,
1,,71d3a1b0f7cd243d1c564ba9f3dcc509c80b92638b2b396173fd074dad196368,
1,,71c3b2c7da49357fce327a3930c4699664395a4722491ebbc8c7362396a2b2e9,
1,,714c21f514da3529eb5f3dd3d9c520cf7e6bb60558416d88aabe243df0674d3e,
1,,774e5eaa1ae8dedbf60aeada2a652618a686a927936e7c58017f30e430c11e77,
1,,762bd6bf5e4b4519c82b07dcaaa1dae34a40b3f39cc494dc81c75de82c3cb4c3,
1,,7631cc83cab5afa990fc7cdf49d0c5e5913667b191f849f616c989e82f400630,
1,,76550ae2af68b03da4bd317096453dcdbf83ea3b6a1613eb0c2cba957441f401,
1,,7264dc7ba3ad2b66322a1629cbae277dced333ed03061c752cfa8eec9f300feb,
1,,75d199c97bbdf780aadc93b6737d72d52f504bb98bc3f119ccbc8aab6f179f42,
1,,75fe287cbc23e8d278f38cbe5c4ddc58806253db9856facb7aedccd0f109ceea,
1,,75938e400d089c576b6f44d658d0aaebf550f0fd140b553c07d680a31e824927,
1,,7597e67a155a15411806708d7f9686aecb88ea1b32806bac9a47a9596a677de9,
1,,75b97fd95ca45619fc14cd994dd738f4f9f7f79f1dfc53e52533f26b4b37ce8f,
1,,76d4b8b9ea66a904cdedd88f1f2bc42d2390279b7dafb44a98f43c2c6c237baf,
1,,702bbff13b36634fe78814b1e3dc6e5467e20272678813b644942c7a4ff7d170,
1,,70039b5286db3cc7e09ed71650420dc7688dce325d497fcc30b96d8a7a483a51,
1,,701d2dbc20d06ce54d8cf1936c43392d2434d66fc4c5cd983500d6fc08526776,
1,,73ab661d0aae4d97166e5047fc43a92f31906ed308b0ff49b6daa7694113ab9b,
1,,70aa188807d90cb65a2306d70cef6e31e92421d2eeb70746ca6451a6394656a4,
1,,33d0f20380b779e5458db6ed4fab043e3527572459a5c534dcfeb31cdc3595c3,
1,,33d6c9738dcd2918e574ff9a57fd97e8efb95d4cc3754e2760f9225631975fa8,
1,,32ae6afa5114956633f62621022218ce6121bbba0dfe1babe932293ebd475444,
1,,328c85126e9c5f143311ed4e6bd4598693d1230615c153e6d3881e6752ba5a84,
1,,3440691aacbe5b11ddbc636afbf1208e21f286f6d6714f0a980fbd73ad5aef7b,
1,,3147208f8194ced1f9e4f9b9ee5b4e26c0291dc7cc5869f354f20646fb32ea5f,
1,,36005de06ccf6b027725189c9608dab8ee85b97c73b95a5cac504f135acf6bf4,
1,,33574c53d9e01c8d14d316c075fc52984a850448b53344df73fbb7e133805049,
1,,335d8ea799d9e84344b23e40f887a614008000fc16af9753ae2435ab9db5b138,
1,,367faf8c00fd44ef4da799df2581745aa32d5111da81a86316e620fb1b9c515c,
1,,35ded420cc77415cf07b6c124f163a646f5d3d1e83e8880c6b62843cee459a61,
1,,35c18b999c5f959c5abe2f98c252cf43d68d3bfbf81b18b8fbf0c05898d5474b,
1,,34a66d69a7e2e38d44ddc3fa41485b8cbfaf29b2a7d576f46203bc3fb9465fd8,
1,,3481b4ab2fd92543649a217f91662f5e5e8b29edbf4557e64c202492efd8e04b,
1,,359d1cbafcc778c0f392aa3a045f11f7ce00be66a66c68759997339b94af0005,
1,,37fcd07400e46d14b7daab96d3ada41eb2fe5fe5b574fb18326370abf9d938f1,
1,,34d8b2afb178f3eb27733970d76934e8c2f9600b38574f3a52e5a6ff4147d3c7,
1,,300b1cc10150f466d8d5a2cab79fd5f078e5d0821cb8706453742379ff5dd7bb,
1,,300c63951bf7b0922cf420de8f51951cf77f1af2a42d1b2b8af62fc3947ae809,
1,,343a030cebda363b95cb713d9caf27aca7e9e265c7c526b235a859d4a3af6b05,
1,,32e36f04102e49b27e8bf646f51c1e62f32bec8f7f9140e03068f3010f13766c,
1,,32f861deb5a5f42bafeb5ca0f6045820575c888016a0e94388e511b2dfca4981,
1,,33160128e3335f9ac1f179af4c2d43b2cb20c7667e25bd5dc66b9c69c67ea07c,
1,,23e141365923e6bd2f8cdf0e0cc3fc58b7ec0becd14f79cca5f8dda550029852,
1,,22aaf7ac60d740875de50c88cbdcf7d401822cb012975c4e5a254175bd665a9e,
1,,22867f685ba522f4f52f4ca03f2efb5eb1d8bfa7c286002683cf054710576d3c,
1,,24674fb2a0a0c001e6f0c6d15e86927a9a745a5baed2cd0cde6333a08eb9f4cb,
1,,2443df014ccd3520937e5d9fc8effed6c0f349b038e41e6fd2b72d4985ba36bd,
1,,244c5b44173ce8203a4ac9a5794e406a14c0ff6feed094072fe4749615e0e944,
1,,252a32b91fb4b65430819516be5bfa9cffa431df117bffc6be37e07e10498b36,
1,,26914149f036464ce6e4f949dcab272ceffcc701842ab1d2530da903b40051bc,
1,,26985cafff75b53c1fe7b8d0d472a2e42ac26846832a883c4a2d94fe97ca6e02,
1,,2788d47e73a70a8b023bf0047a73b6c1b8db04ddd9acbc5d1a154dda82e02d86,
1,,21e9a32ea0c943c84cae2934ee067e2407c9592b600d24d1e7baa245da1067db,
1,,2178a514d9dc4e32d72d12e7422ca84ff74d6bc512a3d9d743331ea224d98d65,
1,,26191ae5a0fa8991fe185b1ae94bf3a6d859af49ca77ca386297c8180918bd38,
1,,2650fa0bee49a07e6cf32936c5700a4638b05f6d92f9b41a27d8941af7734ac8,
1,,267efaedb1e1cf12b9772dae808cbba32e4d70ae30e6353315d9111ba0661798,
1,,26560a456c193a9410809c818b781f13dcb6fc62cb9e9d8d81b20dec7e18076f,
1,,26796d39d7e8faa38d4d124fa156cfc785ca493fe598ad159822223373891543,
1,,249bc50cdd8201ae8840740890797bcef35d2cc5b25decb554020f1a99bfe5c8,
1,,249de603220bc740a24ee25aa9dab6a7ce76fe10fdce1269efffec9ebae88416,
1,,25b1dfed0458f235a6fb63d7a07aacffcc7e540dc541aa52b7874fcd69b4d8b2,
1,,259b322b9785693a6e2e068619a9ed4443d9007acef9bead59488a65b2d5f20b,
1,,27c16ad8ecba81053f31eccd892e2ed7aed24d4cb4fd66dfd0e51f5afba6ded4,
1,,243fbad1512c3e3eb6d5a459fbcacec3bc45dc765500ae6cbfac0718b1395cd4,
1,,22ec18a53981d15c4eb401dccfe533cfcd15fcf1ff40424d4290431f02f0f117,
1,,2337bfd4766e25cf142d1cdff494978a8968c191bf22f4d6cdd4e4f3faaeaf14,
1,,23ade91c968d10a5994ee6121c28a93747eb0d4b7bf7bcd995928757c5dc5824,
1,,21a1048718eea879005edc64ed94f816f586a847aebe33cb7e99edb9a6780593,
1,,20a20086ea4b697bb951a4eff3a9c9c728accb973b5adbf628f8f58cdbcf3ee8,
1,,20bcd6f0d5dbdb7cccf7daeeceaf9467c260e67e5bf1e1213215ddbd08a4c151,
1,,20b7811d21041c4b1c3207bd7d90360157cb89766d9e17bb8d246c64a447ec51,
1,,13c5e97ec2608b5a45cbd79ad2664f2bdb03369eca54e8051d20378ca477a5a5,
1,,12851fcc48e7abcf77778525cde3c5bcd1cb31f8fc14e88607ea0e83364e5ced,
1,,1452130d4d6f76eb795099844edd660ab9d79f4a1963d66436a40b35f83744cb,
1,,14795dd073db1d4e4b90ff2f158296a9ce1118d15e723def9bafd0de5bf5bc5b,
1,,15636350fcbab3d20a9f5a4b2083f1dc1334fd8e8887327ac3909ee1c0486d40,
1,,1553ef23b1c61dae27e97886efae130945a44762e3cf3bbab63d8562e17a4c47,
1,,1695225fc2f756491b29f3a5cbaeefd24ec2d46eaedf98ad3e438553b6f641fe,
1,,114a52054b8139f47a621290185bdb127743bafec50c7d3f8494d8a3756513f6,
1,,114c9e08f5a364cc839824f7d9b59faece47634ed8ea6783c1eac723e2101f0d,
1,,175d0cfb5ab017849793b648775fe45e569975dd031238a522310fc35f678eef,
1,,16147ad7719e8bb2555c77754c05f31bd0e685851b493a6d6b0b8d6a202bc003,
1,,1355b15b784906f84d3d434379678d591e6ee5ad64f4e634bb4bc862d638fec5,
1,,1359767ddad8b327ca3169f1c4c817e443285be97b44bf53a9f99d4a76672526,
1,,126697add3aef4b053a426c6d37f2516d9c2d6dde910e22158f2d7ba38594726,
1,,1217269c30fc354257a2b3afefa8a87de3c9b40d1bf71b99edc2280a137ef499,
1,,15f6a81d727c894675ef546a6b630996d2b8ca98f6faa58d08cff73269ef9203,
1,,15c3062777cb513c4fd554d95432a2c60aebfabb58b780f69ae22987df12d418,
1,,148fb39be7338645c3ba79dbb7dc98d87f0a47dcb7197041af4d8719da82ccdc,
1,,1590b118a62e2fdb4d305fc0429a288126d7190c127dba3e6335286eb13638c6,
1,,16e207b11f25836888de88059cbbcde2d7dede98c53e71316afc42050e226c89,
1,,16db1d98bd292c04e2d57e5de7053c31667c2eee2488201653fb7a36d3ce022d,
1,,14de9c49fd9f92cb781de3069e2928a3ed54e4431b0d2b772fbef68f9bf38424,
1,,14c03004319f82babb2674d5cbb51db9256a5a25616bffc4caa74e6c865fc716,
1,,10429bb912bd3038248b62f9391953c2f3b8916b1c701319aa2f95b1a575c062,
1,,103b2a6e28e6aaa83fd26b74d535dc97498554f2099c5f30500d8ecda2fa203d,
1,,1016bbf93cd93c7bc049d70c8fdf26101e623f38b44491bfb2b64c78882e30ec,
1,,141416c11d82af3b44579bd0e9d32a6038c0c600d03055c8b391759cb14944e9,
1,,13806fa22f195b9c31460e7674c4c2d3c0971a425aa0b6f3182fda86c23df880,
1,,1108102b4a7bf1710650e9676abb6081ce6c8ec7c5c50addb38e9d282e64e559,
1,,10bb98ef51ab13bf02a4b5529bae222dcd120ef9ff2971bc9666875a8aea0a3f,
1,,109c1131e1e6d865d51cb361e48bc69c1a0ed2bfdba43492080638c2c65f69b6,
1,,2c879cab8d1c3f5e21ca078e972ea8e76ff7549825ee7d2d171cff773f8b4161,
1,,78203992b238ec75d633fac47cda664893f8ff8fe8002357b83e45e935f2425f,
1,,1fce2009b4caf3aee06338757d1f1aeecfcaa46800b77b19e9cfc16dbc9b1d69,
1,,b214c32d28999b35139cc7f1ffafdf4aca931254a62e32e0b1a4e70fe6041851,
1,,98b2a36aa55418a1a2d0ec29547bec9bfdef78e9131a6a666dc1849ed0cafbf9,
1,,699f872a8ddaf28459fc2074b65a14140616ac1ebf743ff31cec71576429153f,
1,,311b5ace176f70927bc96c462c9d5023eca8fd679828c43a2a6f84cda0838933,
1,,e623d95e63af002b22262b4a568ca2780d64a3ae6bfab104595e4a3fd97f91b1,
