h_tag,group_name,id_shape,evidence_tier,n_relay_instances,n_verified_39000_signers,n_verified_39000_39001_39002_signers,relays_or_relay_keys,relay_pubkeys,kind10009_claimed_urls
clan-test,,human-readable slug,A,49,44,49,key:00ba9099 key:03125e3a key:0319cdc0 key:0b39d583 key:1642183d key:18283348 key:1baf936e key:1d05184e key:215d0664 key:32d1f284 key:37896c4a key:37d14f64 key:395434a2 key:42a22274 key:4c5fbaff key:5a046afa key:600ed8ae key:62361b92 key:64cf2cb3 key:6b03a7c3 key:6ff84457 key:73d98542 key:87ba5faa key:8ad7fe5a key:91d2561b key:91ed0b40 key:98c3091b key:9ad2920c key:9ae60d70 key:9c5bc8ca key:a31ce0b3 key:af2998c9 key:af83c0ae key:b6ba8f57 key:b970dd51 key:bf0794b0 key:bf76473d key:ca6d0766 key:cbac5108 key:d40e5a5f key:d88e847e key:e141ff9d key:e8a719fc key:f1bf84cd key:f22e1cdb key:f58ff8a9 key:f6b1203e key:f72299ed key:fc3c2b95,00ba90990d6708944b922d0963b3ebd4c04926dd0c887b86a1a5039a7bc83986 03125e3a077a726a963fb947ac914d165c081c49a3efddfffa3399baf87eca5d 0319cdc0859bcc79f5542777a775c614f82be1a042416c74851a7f13766164e6 0b39d583a83db692ed40cfe88b1f33d15c3742c6aaa061dbb8767a2b0244f7c9 1642183d6383d7e643ee05c1b7a7e9eff68f5737e2ee9775cde1cf63d025a282 18283348520f00e6283251c5a2a7a86fedce3ab18d1a796dcf84abd7f2da1ee3 1baf936e8d8e555946a82d232e48eaa02c4345b356503c3531315fb94a36498a 1d05184e0c07114657631c96780817234d44044dd79fd219f043627b371db683 215d066471761042300ac273d6167d09346ad9746fa0e01d4b20d4b28ac8f5d1 32d1f28407f9be528b0bded28b41410169a4ffafbf32c0829798a90dd9fa6bb5 37896c4a936407e79f4b9baa160114cdf05ea9ad0dcf750fa6f63715d1c86dce 37d14f64f036eb269b0eb9e5ee3a5f63dcd9995c2a849b0f572d6131027f8ca3 395434a2abdf7b674b9fb0dc470e7e7cc1892f83be15c1a8b1c7780d8a9f50d0 42a22274b979e6a88f75780bcfa539b1a254c63260a55f228132b004be3de0df 4c5fbaffa01012a1af0895a29a135bbb18b4cb0e1b97b0807f16bb9d8204a377 5a046afadcefc6c83863f3617f2f2bd7554984d7e644db9295e667d275dfce4a 600ed8ae42b1965bd8d604aaa09b3e5dc14f248a56bb3a3003186aec4a582aad 62361b92488be103ddc97345421bbf6c7197b3d9d1cb80e2ebe4d750a26d5955 64cf2cb3103b8e4841329b0b62a9e822c7f338304293937b9e2bda1705f00d44 6b03a7c3fbdc855d2a799e26f1db0262c245a1930126d99565debebdaec25139 6ff8445759a0cbb58c8206ccfb9b8baa1fba954622b595e26473758787b23db8 73d985427ffa98157200e1c2534ac03781a5175bf5e721cd4db0223c5e026b67 87ba5faa3289050e35dbeb9a603949d35ab54bb507f00f73e2eb31758d2db925 8ad7fe5a51d09e05d0d7b67c5f22ed189d9eea40af9a8630754b3605f4d59a3c 91d2561bf773765c35a116da5cfc8e90d30e9a6b85de8b5b5552a04ba5bf0bee 91ed0b40e60b5fb3a961d1a83525a9e2e26793eb129761da28055c3fafb25e06 98c3091b44c97ac630d179fa0b64b0796af074c1f99547e36adda701f0d027eb 9ad2920cfa1c0913ef8eac3d6d5239d0488df519fba06ee51ae50b061165a5de 9ae60d70ad65601607f0655db7103767e6f0b1afc0b2b0c8fc47d23a12b7a0c8 9c5bc8ca642aa8a5852544181a585d7ae568a72b488c2c4cbea89470431394eb a31ce0b3699b3ab61218cc68746adb87b04ebd89806da838d87c2a5c1fcc8ff1 af2998c985507adc7b663ecff87e0349a92e9e7630128363db90dd955133b721 af83c0ae62e0ad19a539c0c4cd7c1ad2cb91c027e93946460ad7a84210e46b94 b6ba8f571cf043adc4cf609898b2de576196cb976977ac46d9a871e979493e84 b970dd51d3572ed982d8a026185383995251c0056eaaae4c66819ddcc67b8b94 bf0794b0792f7e43c04ba194af8ae8234ac8318c6f50c1dd8f7febbcffebd54d bf76473d89abf4cd73f28674fea0ab574330053420bc5fd6334fad0a483ec810 ca6d0766d743bac57b6eb136c3221db82c6318f3375b05af322b47ed9e677905 cbac51080b81998f3a0368e7ad88c0e98d8903107d88c51014d7dd8ebd145fb7 d40e5a5f2d3c6f6a117a52287528b4c07634e3b18517ccd9e39ed31f436db366 d88e847e327b5d753d4bde697ddfb5e0dff73c2e114bf630ada99a58f02264bb e141ff9de93ec4aa5fa795e0ca71a5dea4fefceca9e9d1ee5e39e2f1766b27ac e8a719fc72fe3adfac647a9706d03d59cf73536e562cc68906c5caf026ace12b f1bf84cd2329703680fcd3bcd276cb6ea88f7e3bbc94fa0a39052ea38b4e9370 f22e1cdbaca68acbe236b2571ce252083ae8d2e21d195cf763a730f2f44cc34f f58ff8a9ead665d43fd304f0b32a816c8f82bf6994febbc6c77e4d6c2953f634 f6b1203ef7ae1d3aaf22eabd4e1a78793e17a5d0960c87b87a5d7359998f2a99 f72299ed9a07a30b528ee16b00d648f6473e6229f840959ef7a1227694b34b7c fc3c2b9540b3b75b22e33a03d40f6257411b032d8dfc4734902942925954f24b,
7c92b9a7956977b7,7c92b9a7956977b7,random hex-16,A,4,4,4,key:081d5c44 key:ea2fa747 wss://groups.0xchat.com wss://groups.satsdisco.com,081d5c446e77309ff5a396cc13a4b136dc844338579136c90d1e3f0d70e87027 a3cda8aa93454e98a553f1fa096f5f101cba6999c9e3afa81ef3e53d5c9ae5e7 ad98dd84852786e33eb0651878eb835b242d25f7c0255e6e5a745bf7b6be15c8 ea2fa74716336d16daead95678a3fe27a18c69632a92c089f832c0325696d42c,
76099794e780b9cd,,random hex-16,A,3,3,3,wss://groups.satsdisco.com wss://groups.yugoatobe.com wss://nip29.f7z.io,7e1eabe25256545cfe0c534a99bfa5c6cd224e04b614182a9993feff54196c95 a3cda8aa93454e98a553f1fa096f5f101cba6999c9e3afa81ef3e53d5c9ae5e7 a76bebdb78d558d5f25a6a13a858e48358ecc5dd9616ed64db0d7d23ab9551f1,
997bcfd35d30dfa3,997bcfd35d30dfa3,random hex-16,A,3,3,3,key:52b38b2e wss://groups.0xchat.com wss://groups.yugoatobe.com,52b38b2e7e93de6f44ce8cf7e3f8367e9b0f8008cef8ee70e6f9fdbf8d917a4e a76bebdb78d558d5f25a6a13a858e48358ecc5dd9616ed64db0d7d23ab9551f1 ad98dd84852786e33eb0651878eb835b242d25f7c0255e6e5a745bf7b6be15c8,
clan-scuffed-crew,,human-readable slug,A,3,3,3,key:cd4c2d77 key:f6b1203e key:f9cb8b9f,cd4c2d7776d61d4ceb09a7f08e794cc4630d8ff6d28e2aa548419efa9bf44aca f6b1203ef7ae1d3aaf22eabd4e1a78793e17a5d0960c87b87a5d7359998f2a99 f9cb8b9f7e7805f8abd08fa80347e14676ed4f76f9f945a728e34cf230cb7f72,
516e83805fa692f9,🟠 BITCOIN,random hex-16,A,3,2,2,key:385c3a6e key:52623aec key:f9b3bad7,385c3a6ec0b9d57a4330dbd6284989be5bd00e41c535f9ca39b6ae7c521b81cd 52623aecd77c85d99551d17c5c8d688abd0c140a7e08588d6ec01a8000af5a41 f9b3bad79fb66ba0cc9aa049c1ccd974a2249bdb5f1f99d9ddb007852269c79b,
clan-test2,,human-readable slug,A,3,2,3,key:395434a2 key:906e3c0d key:dbd08b92,395434a2abdf7b674b9fb0dc470e7e7cc1892f83be15c1a8b1c7780d8a9f50d0 906e3c0dfb51a468c23d0c5ed824a4aa5fe54e85457ea13d83af817c407cd645 dbd08b92b50909f461fb972733245ae70f3a5f0814ab6074e28b301a9429676b,
npub1dj7xhmazjpyv0yqqdzxxmt3vf04gwlkpuk4xmqa9z355lnax3knqhy43xu:diagopen-1772305009562,DiagOpen-1772305009562,npub-namespaced,A,3,2,3,key:30875f0e key:6cbc6bef key:d2c6620c,30875f0ef92b4d964c58b7bfdf517ebb197420515e5210a8c0d3875f6863b631 6cbc6befa29048c79000688c6dae2c4bea877ec1e5aa6d83a514694fcfa68da6 d2c6620cc3cf5cbf80eab94622fc70392ef99220e72a4ae0847b8e65b0d2a558,
npub1glrlt80e4jgxmjjt52nd2w55r5pktk74zevvxk08dm4qjn4pju9q97wn99:rendereropensmoke-1772271205645,RendererOpenSmoke-1772271205645,npub-namespaced,A,3,2,3,key:112a3601 key:47c7f59d key:f8f31fea,112a3601506bf3555fa6353970ab97bf7035c8e26da43c7d58792fa664b10dd7 47c7f59df9ac906dca4ba2a6d53a941d0365dbd51658c359e76eea094ea1970a f8f31feac6df6062e93cac1d8a8a7743111b78e8bbcb14a849dd0c9b8604f5e0,
04cc3b4b5e95be19a574b19a1d04745ea02af0cfab93cba5fd08f594ceff8e05,💃🏻影视🫦直播源,random hex-64,A,2,2,2,wss://groups.0xchat.com wss://strfry.ymir.cloud,ad98dd84852786e33eb0651878eb835b242d25f7c0255e6e5a745bf7b6be15c8 d94e9d166d2845d53381bc4665b23d1c7a28faa6abb52fd8e7cc6482a4117eb2,
0df3540cb80c689a,🏛️ Forum ,random hex-16,A,2,2,2,key:385c3a6e key:f9b3bad7,385c3a6ec0b9d57a4330dbd6284989be5bd00e41c535f9ca39b6ae7c521b81cd f9b3bad79fb66ba0cc9aa049c1ccd974a2249bdb5f1f99d9ddb007852269c79b,
206486afd34f7fd8,206486afd34f7fd8,random hex-16,A,2,2,2,key:52623aec wss://groups.satsdisco.com,52623aecd77c85d99551d17c5c8d688abd0c140a7e08588d6ec01a8000af5a41 a3cda8aa93454e98a553f1fa096f5f101cba6999c9e3afa81ef3e53d5c9ae5e7,
344460545dc4a092,344460545dc4a092,random hex-16,A,2,2,2,key:285314c8 wss://groups.0xchat.com,285314c8c025115180a57a495a5dfca5b517e74c4ab9fceb0207a856732abe18 ad98dd84852786e33eb0651878eb835b242d25f7c0255e6e5a745bf7b6be15c8,
368714f675c49406,,random hex-16,A,2,2,2,wss://groups.satsdisco.com wss://groups.yugoatobe.com,a3cda8aa93454e98a553f1fa096f5f101cba6999c9e3afa81ef3e53d5c9ae5e7 a76bebdb78d558d5f25a6a13a858e48358ecc5dd9616ed64db0d7d23ab9551f1,
3e83ccbed52786c13c0e24188f7b7a4c6ade25a66c9234e21010edd73224f6f5,Livros em PDF,random hex-64,A,2,2,2,wss://groups.0xchat.com wss://strfry.ymir.cloud,ad98dd84852786e33eb0651878eb835b242d25f7c0255e6e5a745bf7b6be15c8 d94e9d166d2845d53381bc4665b23d1c7a28faa6abb52fd8e7cc6482a4117eb2,
3fe3d428d48c8054,3fe3d428d48c8054,random hex-16,A,2,2,2,key:cebdd42b wss://groups.satsdisco.com,a3cda8aa93454e98a553f1fa096f5f101cba6999c9e3afa81ef3e53d5c9ae5e7 cebdd42b29f4ff8a10e8af3a148fb9a413d8bb07cee970a33122d4b9f05f328a,
884ab129-7b59-47,EnTrappt's Highlighter,human-readable slug,A,2,2,2,wss://groups.0xchat.com wss://relay29.notoshi.win,ad98dd84852786e33eb0651878eb835b242d25f7c0255e6e5a745bf7b6be15c8 e0ee85a63929f52e9555fdf1c4453a24cd9122557e491c18efcaeed655f402e3,
94dfa2316b20d0ed,,random hex-16,A,2,2,2,wss://groups.satsdisco.com wss://nip29.f7z.io,7e1eabe25256545cfe0c534a99bfa5c6cd224e04b614182a9993feff54196c95 a3cda8aa93454e98a553f1fa096f5f101cba6999c9e3afa81ef3e53d5c9ae5e7,
GROUP_4d0cd951,Kurtlar Vadisi,human-readable slug,A,2,2,2,key:0e25c22a key:dfeeef3e,0e25c22ae9fb15e97e230640ca691ec5e228cbd9682879b38f0e636e2f47bd74 dfeeef3e4f656b6a2f8eabe7a15b4231705983533ece667f8d2f1d481aad861a,
acleprush,zap.stream,random letters,A,2,2,2,wss://relay.zap.stream wss://strfry.ymir.cloud,d94e9d166d2845d53381bc4665b23d1c7a28faa6abb52fd8e7cc6482a4117eb2 f570c2259560d8ffc98dabefcde879cf5734bc6b32dcd040525a8e1f4c3231b1,
adef469c11ed45bb,𓉶  Obelisk,random hex-16,A,2,2,2,key:385c3a6e key:f9b3bad7,385c3a6ec0b9d57a4330dbd6284989be5bd00e41c535f9ca39b6ae7c521b81cd f9b3bad79fb66ba0cc9aa049c1ccd974a2249bdb5f1f99d9ddb007852269c79b,
bf422b9ed3b380fa,,random hex-16,A,2,2,2,wss://groups.0xchat.com wss://groups.yugoatobe.com,a76bebdb78d558d5f25a6a13a858e48358ecc5dd9616ed64db0d7d23ab9551f1 ad98dd84852786e33eb0651878eb835b242d25f7c0255e6e5a745bf7b6be15c8,
bfe4b11b98602f25,,random hex-16,A,2,2,2,wss://groups.satsdisco.com wss://groups.yugoatobe.com,a3cda8aa93454e98a553f1fa096f5f101cba6999c9e3afa81ef3e53d5c9ae5e7 a76bebdb78d558d5f25a6a13a858e48358ecc5dd9616ed64db0d7d23ab9551f1,
c1876ebb8e3a159b,c1876ebb8e3a159b,random hex-16,A,2,2,2,key:081d5c44 key:ea2fa747,081d5c446e77309ff5a396cc13a4b136dc844338579136c90d1e3f0d70e87027 ea2fa74716336d16daead95678a3fe27a18c69632a92c089f832c0325696d42c,
d85c2e528de55b24,,random hex-16,A,2,2,2,wss://groups.0xchat.com wss://groups.satsdisco.com,a3cda8aa93454e98a553f1fa096f5f101cba6999c9e3afa81ef3e53d5c9ae5e7 ad98dd84852786e33eb0651878eb835b242d25f7c0255e6e5a745bf7b6be15c8,
dd470c415873ea85,dd470c415873ea85,random hex-16,A,2,2,2,key:384bf414 wss://groups.0xchat.com,384bf4148732137298e1c1ec11b4f6441b6e73fb055cc6e71fa71bbe68506737 ad98dd84852786e33eb0651878eb835b242d25f7c0255e6e5a745bf7b6be15c8,
dns:buzzster.xyz,,human-readable slug,A,2,2,2,key:3eb8fe5e key:b8a9e7be,3eb8fe5e80a5e1b0a2c38839428743deb2e496dc9967bf2268d3a25c71688ad6 b8a9e7be139c26dfe45de9df2b48cb64945ad5bc74bda536c61a725209aefca7,
e06899f0e9e220b5,,random hex-16,A,2,2,2,wss://groups.satsdisco.com wss://groups.yugoatobe.com,a3cda8aa93454e98a553f1fa096f5f101cba6999c9e3afa81ef3e53d5c9ae5e7 a76bebdb78d558d5f25a6a13a858e48358ecc5dd9616ed64db0d7d23ab9551f1,
e090f912cd46140b,,random hex-16,A,2,2,2,wss://groups.0xchat.com wss://groups.satsdisco.com,a3cda8aa93454e98a553f1fa096f5f101cba6999c9e3afa81ef3e53d5c9ae5e7 ad98dd84852786e33eb0651878eb835b242d25f7c0255e6e5a745bf7b6be15c8,
eagarghstayshou,Get We3!Rd,human-readable slug,A,2,2,2,wss://spatia-arcana.com wss://strfry.ymir.cloud,56002ce9ace5caa55085b79d893a60da0a07bec965c40d2ca2d453e0b226e003 d94e9d166d2845d53381bc4665b23d1c7a28faa6abb52fd8e7cc6482a4117eb2,
f8f8affc81dec495,,random hex-16,A,2,2,2,wss://groups.satsdisco.com wss://groups.yugoatobe.com,a3cda8aa93454e98a553f1fa096f5f101cba6999c9e3afa81ef3e53d5c9ae5e7 a76bebdb78d558d5f25a6a13a858e48358ecc5dd9616ed64db0d7d23ab9551f1,
general,general,human-readable slug,A,2,2,2,wss://groups.satsdisco.com wss://mihhdu.org/nostr,a3cda8aa93454e98a553f1fa096f5f101cba6999c9e3afa81ef3e53d5c9ae5e7 bd658a7813f09b127296c4c8277c9b90891e004a9b13370ec2e79d285c066ef5,wss://trobades.kilombino.com
h1,hallway,human-readable slug,A,2,2,2,wss://basspistol.org wss://strfry.ymir.cloud,afd7da3f794182dc3433c478c7e19735276faf16057a3ed8e58bf10944161041 d94e9d166d2845d53381bc4665b23d1c7a28faa6abb52fd8e7cc6482a4117eb2,
iapeeboploo,DubHeads,random letters,A,2,2,2,wss://basspistol.org wss://strfry.ymir.cloud,afd7da3f794182dc3433c478c7e19735276faf16057a3ed8e58bf10944161041 d94e9d166d2845d53381bc4665b23d1c7a28faa6abb52fd8e7cc6482a4117eb2,
mynd-labs,mynd-labs,human-readable slug,A,2,2,2,key:79023e27 wss://relay.mynd.my.id,79023e27d699a7bf2862a22d4724069a141b97051d4b7fb85d59cb6e086024c2 a82a8dc547229d01483737cc7694211752226841e271f76e62f636fd5ee0c92a,
nostrord,Nostrord,human-readable slug,A,2,2,2,wss://chat.wisp.talk wss://groups.0xchat.com,ad98dd84852786e33eb0651878eb835b242d25f7c0255e6e5a745bf7b6be15c8 d9e2be1167486325e4360c0d5bb3107081795ecd92c96ee31bd1248598c69f26,wss://nip29.f7z.io
npub1t927j9wh58w6v7wh7j0h656wx7693jyu75ake88gyhn0j6xps3xswuph3h:diagopen-1772304696067,DiagOpen-1772304696067,npub-namespaced,A,2,2,2,key:5955e915 key:72d89358,5955e915d7a1dda679d7f49f7d534e37b458c89cf53b6c9ce825e6f968c1844d 72d8935880e09b62461d80074dcffdf68d516f6fb50311c997b078e30ffca231,
npub1vqjxnvcwqg803swqhvnk3sfwxr0mxgxgvczv9x7p44wcc0kdevtqvnxrr5:diagopen-1772304924062,DiagOpen-1772304924062,npub-namespaced,A,2,2,2,key:602469b3 key:6cbc6bef,602469b30e020ef8c1c0bb2768c12e30dfb320c86604c29bc1ad5d8c3ecdcb16 6cbc6befa29048c79000688c6dae2c4bea877ec1e5aa6d83a514694fcfa68da6,
npub1wtvfxkyquzdky3sasqr5mnla76x4zmm0k5p3rjvhkpuwxrlu5gcsn2h9w4:diagopen-1772304806212,DiagOpen-1772304806212,npub-namespaced,A,2,2,2,key:602469b3 key:72d89358,602469b30e020ef8c1c0bb2768c12e30dfb320c86604c29bc1ad5d8c3ecdcb16 72d8935880e09b62461d80074dcffdf68d516f6fb50311c997b078e30ffca231,
orbee,Orbee,human-readable slug,A,2,2,2,key:a99a869e wss://groups.0xchat.com,a99a869e4431d145a66143cbd0b1b0ce6b462b9b90c2ac363c605a236da36cc5 ad98dd84852786e33eb0651878eb835b242d25f7c0255e6e5a745bf7b6be15c8,
support,support,human-readable slug,A,2,2,2,key:79023e27 wss://relay.mynd.my.id,79023e27d699a7bf2862a22d4724069a141b97051d4b7fb85d59cb6e086024c2 a82a8dc547229d01483737cc7694211752226841e271f76e62f636fd5ee0c92a,
zoxqa84y6lv7,Art Talk 🎨,random alnum,A,2,2,2,wss://chat.wisp.talk wss://strfry.ymir.cloud,d94e9d166d2845d53381bc4665b23d1c7a28faa6abb52fd8e7cc6482a4117eb2 d9e2be1167486325e4360c0d5bb3107081795ecd92c96ee31bd1248598c69f26,
npub1npzwvwukmqh2ep6h2hyszyja6mmthp8ggllfeveewdqjrzjlxx3s4mnrmd:testBeepyBeep,test beepy beep,npub-namespaced,B,6,1,6,key:6108aa41 key:9844e63b key:c3d20e43 key:cab0bc24 key:e5f3d95e key:fb5b7aa7,6108aa4124afb988bf53c79fc7cf44e6c2277999c6062106bb3c214bcc550d16 9844e63b96d82eac875755c901125dd6f6bb84e847fe9cb3397341218a5f31a3 c3d20e43436d130c953954ef73f759cbafa2e119b7ddffa5f21fc6fc3cdacf59 cab0bc24dad0c8a4c314d45c121df42dca5d279795c87fcbf89402a455853a8f e5f3d95ee10a5ce3a6d254f647cd15f0363abed682a3b7f28f7bf23cf9b9202d fb5b7aa7533b20c8f384c0ce1c68f6f647c14a56535fd49930d8811e7b1b1976,
npub1rlr8jpy7xpc5u97p20x9zvd8aqdh9tk00ga5sk8wugul95qy2w2qy6pnkg:throatDoctor,THROAT DOCTOR,npub-namespaced,B,6,1,6,key:13e5bc15 key:1fc67904 key:22bebd34 key:24d439a9 key:4520f82e key:a3d580fc,13e5bc1513fc72c8b326ed425af92fa919fea521bc8667b51b39ffdaeedf7310 1fc679049e30714e17c153cc5131a7e81b72aecf7a3b4858eee239f2d0045394 22bebd344b15daf2717253f77853ea02d4453f7533879cdde0febb71b3859fc0 24d439a9251e26c0e59e1a2dc917a30990fd43e7c5d50589d6b9452d4c89c790 4520f82ea2a89324743e419a9d361d183f1f9516b9d546520fd3a2ba585d98cf a3d580fc6f6d22095b4b4616737d87929cc0a57ce283b174900eef11f1673012,
npub1d9z59mkrqnq6p064fvlewel5q66kpdj2dajkf88fdsdzxgzkerrsv0qmeq:testFreebom,test freebom,npub-namespaced,B,5,1,5,key:5505ac0a key:694542ee key:7b52bc85 key:833ac438 key:c9cd2704,5505ac0a5adb75c0e6b0a4ddd99766df27855ff2e8f23d58e6e397c98da20363 694542eec304c1a0bf554b3f9767f406b560b64a6f65649ce96c1a232056c8c7 7b52bc854e5bef5885623baa6d2eb1609c7050e13c8f5f6c333209b26ddcfc03 833ac438e955ba99b3c51452e02163c0ad691c7e284137b8db64efdc9343d916 c9cd2704eda2ce36e30d53284e8437fb9106775ffb25dc0a8d1915314e0c78fa,
npub1qqhdpw8z0jghhafd9xr2z7cmu95zjht6dk4zarpquhqqknc83xssd8ltln:testFebeeenis,test febeeenis,npub-namespaced,B,5,1,5,key:002ed0b8 key:1a034301 key:3a34cf83 key:d31f9800 key:e18f845e,002ed0b8e27c917bf52d2986a17b1be168295d7a6daa2e8c20e5c00b4f0789a1 1a034301559d94a8d4ac409a1178bf3fd5171979fcbe4040b58be2fc6bb99469 3a34cf83d35dc9bdea706da384e5556271a6cd61cb69617db6a8b723f5bbc16c d31f98000231801e1aaaf0fd92f9bc2eaea0f112a572fc9a13ebe09eeb6544f2 e18f845ec7a347b05858c8d63b938ddd2503d5c2957a3137b1f337be651ce1ff,
npub1zwffdet2tgs69uf3vm0t3zcwwwvskw836hw3jynr820r3tkucdxsne58ww:poppacopta,Poppacopta,npub-namespaced,B,5,1,5,key:139296e5 key:1d9d4f4a key:50ef5862 key:785b7d3a key:e7353c04,139296e56a5a21a2f13166deb88b0e73990b38f1d5dd1912633a9e38aedcc34d 1d9d4f4a0fd39812aaf6b513b81eedb13d8d972f3c416812b2651516ce88b60b 50ef58620c43654cce6d861052738aec0c212ee2db5a18ed0c4c92ea337e3bfc 785b7d3a2450347e097ce61649aa0e0e653e9290b0b9b4dbc21a4937b370015f e7353c04d69655cce9367a061103e559bfe1479127ecb75d1b01fe00b61d3512,
npub14le4ev6udkrx3em2g7uy4dxf96kqyaf4eve0p534l9943q9mrxzsnc380q:testMoomee,test moomee,npub-namespaced,B,4,1,4,key:15493b18 key:1a034301 key:3a34cf83 key:aff35cb3,15493b186e634aa66fc5637ee5115c7eeeebe65609c5d8cd0c9b7f0d08b3dd0b 1a034301559d94a8d4ac409a1178bf3fd5171979fcbe4040b58be2fc6bb99469 3a34cf83d35dc9bdea706da384e5556271a6cd61cb69617db6a8b723f5bbc16c aff35cb35c6d8668e76a47b84ab4c92eac027535cb32f0d235f94b5880bb1985,
npub1jc2ekwyn66996p9t3eacdufj9rsw0xv8apmgks7l637uw033hjlqvmhy0c:jufferyUpstein,Juffery Upstein,npub-namespaced,B,4,1,4,key:6106ee36 key:96159b38 key:98e5ca0b key:c37d50ad,6106ee36530fb546d9edcdab39caa5c14fa159a0a85044799095ba9ca37e908b 96159b3893d68a5d04ab8e7b86f13228e0e79987e8768b43dfd47dc73e31bcbe 98e5ca0b3c8bfa0ade07e11f3a086987f4590e43577f6b9d903440953165d497 c37d50ada5b405ea3ec97ae428abe0df3374df62e3dd61cd7efb35154b69bc09,
npub1e8xjwp8d5t8rdccd2v5yapphlwgsva6llvjacz5dry2nznsv0raq2xvcwt:testSqueakoBorps,test squeako borps,npub-namespaced,B,3,1,3,key:687d5598 key:9f0afbd1 key:c9cd2704,687d55982d33a46fc4816d8e7116b7d41a11f5329321c407d95b82caeb187ce1 9f0afbd180e1846dd064577bab79b0d301fade9e9a7b96944e90a557c2062007 c9cd2704eda2ce36e30d53284e8437fb9106775ffb25dc0a8d1915314e0c78fa,
npub1ejfn7ww67htvyza0tzqy2lg25fxyvvgq99y9xhvl4sg2ugknf94qvgjzw5:bonjour,bonjour,npub-namespaced,B,3,1,3,key:466cc5c5 key:cc3d80c8 key:cc933f39,466cc5c58d64560b1a6fca0e2ac61310d71f1cf12b82731d117924751429ef44 cc3d80c8afca8b2d7ed75bd10dfa27a980e4362c5736c638f12a8efc3a500e35 cc933f39daf5d6c20baf5880457d0aa24c4631002948535d9fac10ae22d3496a,
npub1hgrlrt6hjkl3tvcxw3j53fcwdrwkv2xsxmumzpe3syhav3n9mnpsd6vlvh:testJoofus,test joofus,npub-namespaced,B,3,1,3,key:28edf379 key:4ad891a5 key:ba07f1af,28edf3794ecaf533c14999bb785f23d56e41e78863dce0e909873d882b2122c1 4ad891a599d03396b230beea75f121436e8aa633522e1ef6ca350a8baefd7ef0 ba07f1af5795bf15b306746548a70e68dd6628d036f9b10731812fd64665dcc3,
npub1jc2ekwyn66996p9t3eacdufj9rsw0xv8apmgks7l637uw033hjlqvmhy0c:test-group-1,test-group-1,npub-namespaced,B,3,1,3,key:244e3f59 key:96159b38 key:b4529029,244e3f5947236edd4c18f0cf1a9b9796ee706c3008c85ba13885221d22089b58 96159b3893d68a5d04ab8e7b86f13228e0e79987e8768b43dfd47dc73e31bcbe b45290297fa4562bee7f87fd5cb73b89764f62ef4f951e582215d8094386464b,
npub1n263qszmjnzn48r20na0nmwttfty82z4lqwa7sfy5ekav0cxkwpqgjt7k0:steamyManuel,steamy manuel,npub-namespaced,B,3,1,3,key:0a65f22a key:678d84c8 key:9ab51040,0a65f22a951ff5f2ab4b6d21a969799b562a6c8938e66738e54777bfd196544c 678d84c814d291434cbe01c80bd2c1055bf04f638098030a164df7c909f91d8f 9ab510405b94c53a9c6a7cfaf9edcb5a5643a855f81ddf4124a66dd63f06b382,
npub1nxppmz6ypf9dc3tuc7n0hv3etqltwgne7z7pc3xl0y4x4cdhcp0q3nwmpy:gufenschlaffen,GUFENSCHLAFFEN,npub-namespaced,B,3,1,3,key:02d08b99 key:99821d8b key:d86563ea,02d08b9942a5b71d8c5ab7ab7f771aeeb1d4f9562808129718da5e885054993d 99821d8b440a4adc457cc7a6fbb239583eb72279f0bc1c44df792a6ae1b7c05e d86563ea254421272c30f19f214c3ada001d84ccf68209d2b73523feeb8c8561,
npub1rtzx9qz03te2jzks5rnvy8rv0pfjdafeeq76ze9slyyfh5wrudyszpvgjj:beejChercky,BEEJ CHERCKY,npub-namespaced,B,3,1,3,key:1ac46280 key:96159b38 key:a119baf8,1ac462804f8af2a90ad0a0e6c21c6c785326f539c83da164b0f9089bd1c3e349 96159b3893d68a5d04ab8e7b86f13228e0e79987e8768b43dfd47dc73e31bcbe a119baf8e6a5af333f5340875c5b66971b90e28fc9796458bf8d77d485b80775,
npub1tlp32g7mpjmvephc2s4kf6nc32nmcnpuk9u8cnhshhnklzxxrhks60855t:testHaha,test haha,npub-namespaced,B,3,1,3,key:3a079e1c key:5fc31523 key:b5b971cd,3a079e1ca8f31d64ee722bcd7a9a92cf46f9e51cc396ad100824ac735a0d8349 5fc31523db0cb6cc86f8542b64ea788aa7bc4c3cb1787c4ef0bde76f88c61ded b5b971cd6753e9aa1ff529a35ab4df1a71547bd72c56996c55715ea7c25b0171,
npub1tycqy0egafh3feygztlp3mk64zavvzqx36mczct6h77j5ln64v0sy9py50:holyMolyWow,holy moly WOW,npub-namespaced,B,3,1,3,key:5930023f key:6106ee36 key:96159b38,5930023f28ea6f14e48812fe18eedaa8bac608068eb781617abfbd2a7e7aab1f 6106ee36530fb546d9edcdab39caa5c14fa159a0a85044799095ba9ca37e908b 96159b3893d68a5d04ab8e7b86f13228e0e79987e8768b43dfd47dc73e31bcbe,
npub1vffp2rcg89talkc90gp0dggg4yg09kgeu5uezmptpk0qkn9k6etsdknfdu:checklist-group-1770509242703,checklist-group-1770509242703,npub-namespaced,B,3,1,3,key:3fb9decc key:6252150f key:8215eea7,3fb9decc0c26f1af94786844c6cde07357e8eed7121d038d93269508e7e3fa88 6252150f083957dfdb057a02f6a108a910f2d919e539916c2b0d9e0b4cb6d657 8215eea7f68ef85639f6b28b11841b2420c156a1725b9ae77d9e749f3c13373f,
npub1wp5h0rgd48j6c437j0yg8ysn4vsqxyvekvwlj3sxdsurltf8csxs7tudje:stankysoggyboys,stankysoggyboys,npub-namespaced,B,3,1,3,key:3aa38fc2 key:7069778d key:96159b38,3aa38fc2c82df01c2080287e99d287773f962531120c60f99e16027156787cf1 7069778d0da9e5ac563e93c8839213ab20031199b31df946066c383fad27c40d 96159b3893d68a5d04ab8e7b86f13228e0e79987e8768b43dfd47dc73e31bcbe,
npub1xcfdkegfp8g943l9948l30zm3ean2ystvy08ukxgnxxwvhy4uh7snn0gxn:testYummy,test yummy,npub-namespaced,B,3,1,3,key:3612db65 key:4949b17d key:dd24948d,3612db650909d05ac7e52d4ff8bc5b8e7b35120b611e7e58c8998ce65c95e5fd 4949b17dca25dbf4e5b9674300e99174f91a9af9945de69a035546a04178cb31 dd24948d2c90d248ff9031c71828b4e86c583667b6bcb7cc2bdb9f8cbd22ccfd,
174399f1-c4f4-422f-8a94-1093da44c958,it-174399f1,uuid,B,2,1,2,key:176e5f78 key:e119daab,176e5f7821e0069e8f4038775fea7cceaed8301829771088263bd0210d37432e e119daabb5c4f11887831008a7f005f5bc961879af0ff3f7ac6d7059406928d9,
3007f5f7f76485b4fb9e83a4fe60a5ed,nmtmnd,random hex-32,B,2,1,2,key:2cea8e74 key:774b5467,2cea8e744c7d8b4ec8de5753c5cebadfeae7a0abbaa2499980d3740182d6444d 774b546770b4e531c0f25c9a8c0a3492a536cdd4bab5beae194d693cc05361ac,
4af9446d4962c061d79e523b11eb9c24,dststd,random hex-32,B,2,1,2,key:35c81734 key:774b5467,35c8173432d3f74ce2a705c355c3fdef7d182b48769215aa660b4ea570e99dbd 774b546770b4e531c0f25c9a8c0a3492a536cdd4bab5beae194d693cc05361ac,
5198909637393356,bobsroom,random hex-16,B,2,1,2,key:5fc31523 wss://groups.0xchat.com,5fc31523db0cb6cc86f8542b64ea788aa7bc4c3cb1787c4ef0bde76f88c61ded ad98dd84852786e33eb0651878eb835b242d25f7c0255e6e5a745bf7b6be15c8,
5c1006d79058cb58c6154f679ebb3132,muslim.chat,random hex-32,B,2,1,2,key:975bc2e7 wss://groups.0xchat.com,975bc2e74c8a0255b514c77926a67625579dfea29d60bdd7a390cd41bbed13ef ad98dd84852786e33eb0651878eb835b242d25f7c0255e6e5a745bf7b6be15c8,
749265311de6f38e0c84ecb38a9b9c48,dlqstn,random hex-32,B,2,1,2,key:082478aa key:51bdabe5,082478aa79c444097f999b4a30e0c4cf3cd8d6db8b3d60cfbeccfc0f661c2467 51bdabe50ea39d1fe04ffbe1fd71cc78ebdc51a5a53f4cd908ba6b7a590733ab,
9aa77b0bc6e97b15a5528fda89aad88b,stndsdtn,random hex-32,B,2,1,2,key:2cea8e74 key:b005b7ae,2cea8e744c7d8b4ec8de5753c5cebadfeae7a0abbaa2499980d3740182d6444d b005b7ae9399de66795df94c96b795544e625a335d1c1ff0c4cf1e5691253739,
:general,general,human-readable slug,B,2,1,2,key:052ef530 key:9f7da645,052ef5301256370111f091fa073818d21df19b1601742c2adb5fd449aeafb2cf 9f7da6452139ee66f3f53bbcb7d2300c7bcf95f0a701fd699c647d4a0f2da639,
a91d2fea-20bb-4de3-9f9c-c94a7143a4cf,it-a91d2fea,uuid,B,2,1,2,key:244a2253 key:bd1ddf16,244a22537d758934ed98db4764a12e9360929860dbfcc12b89f3145bc858576a bd1ddf16f1065e26e7fdc9e565ae585de01e4b30d33e5ddadb9c2822c98e2644,
a98a66606c1915f1935db15a55114560,xcv,random hex-32,B,2,1,2,key:082478aa key:5fb8875b,082478aa79c444097f999b4a30e0c4cf3cd8d6db8b3d60cfbeccfc0f661c2467 5fb8875bc4c3973cd46c75d635086d57c4503100f8509cd2fe615ed086e6dfc4,
b018e5e086e456ee55bd6c36522fbd71,dtsTDSDST,random hex-32,B,2,1,2,key:c1d1abda key:d5d80937,c1d1abdae7a6c729370b5a7c3f141c567b1572db2c1fc8a4b2d9533445882017 d5d809378b84d311fe7b8485de3d01a1e69b84a576619f78783ddd2327f89441,
bb205175274848716c2f959d765084a6,mnggmngmgm nm nqngm mgnq,random hex-32,B,2,1,2,key:62e0bb76 key:c1d1abda,62e0bb7664aceaa1d308e2d89e9e3a95cfcb88c32951069c3f06632c52e9cbde c1d1abdae7a6c729370b5a7c3f141c567b1572db2c1fc8a4b2d9533445882017,
cbf11c3dc6370581ccdf678bba40b6ae,dstntnsd,random hex-32,B,2,1,2,key:0b20e8e3 key:51bdabe5,0b20e8e376ad8d39e74ff1d597b5ceafbed77cd299ac4b2772d624c3b98f984a 51bdabe50ea39d1fe04ffbe1fd71cc78ebdc51a5a53f4cd908ba6b7a590733ab,
clan-derp,,human-readable slug,B,2,1,2,key:236636dd key:75cdf8cb,236636dd0729268656f1cf6f8b5c0bc1065e5b9a5034c68b850f67bee7c26d06 75cdf8cb1a65e91ace9ff0e6b02cc8d58ed46236560ffdb88694fde8416d0cfd,
clan-doesitworkyetcom,,human-readable slug,B,2,1,2,key:88aeb563 key:c5ee5eda,88aeb563b404f5f229613c2d0b8a4df5dea9f6de6b281b1081f6639dc731b767 c5ee5eda6483c6b4a568b70bb04e27ea8f1c8205b770f31acfe5dd8d246dd785,
clan-nerds,,human-readable slug,B,2,1,2,key:73d98542 key:d88e847e,73d985427ffa98157200e1c2534ac03781a5175bf5e721cd4db0223c5e026b67 d88e847e327b5d753d4bde697ddfb5e0dff73c2e114bf630ada99a58f02264bb,
clan-test8,,human-readable slug,B,2,1,2,key:45c45d68 key:5e17bb57,45c45d68a80e63a26d281bb3c366321ea60a83692771dc065a8475107af295ce 5e17bb57abd2b34bb30950055c9467fefbc8afbd2ee6a8dcfede101697f00370,
clan-testerspace,,human-readable slug,B,2,1,2,key:4243fa74 key:7b535d71,4243fa7421ed09ca00811ce23520ce67dd9d4523aee79ce61af76590ca53c6f3 7b535d71bffa13e8853d049f0c9850dabf290e439462311def42ce737cb91611,
clan-testspace5,,human-readable slug,B,2,1,2,key:97c14136 key:c8b0d62d,97c14136c20b5171b7f26eeb5f879ba365169fa9859f308f2216b37faefaf94b c8b0d62d5135f43099605252447de344b94f709e56c9d04cd65c07a968f8ba17,
f9a8c3bb-d44b-4741-85d1-ce218bedee6c,it-f9a8c3bb,uuid,B,2,1,2,key:0fe6a881 key:907b304d,0fe6a8819535108c2b3a9cc618ca364f289f39c8a5cbc25cb9451d6bb8ea3864 907b304db875d0b534360320861da2952ddb216f97ba0fcbfebd858044cb3388,
mgdlofde,,human-readable slug,B,2,1,2,key:eeb822ac wss://mihhdu.org/nostr,bd658a7813f09b127296c4c8277c9b90891e004a9b13370ec2e79d285c066ef5 eeb822acbd93f0c0ba6d34c9abac7dfff0cc3d9f59eab451a825ace62758d744,
npub10ehaknf468l4zslnv0qecwtw20yf5jxats7408jdhar5rzj0tvts24d3q5:testSkibidiDingle,test skibidi dingle,npub-namespaced,B,2,1,2,key:0122c2ef key:7e6fdb4d,0122c2ef15d12aa52e32476870fc40b7c4b1c081394d456bc063bc351aa74b04 7e6fdb4d35d1ff5143f363c19c396e53c89a48dd5c3d579e4dbf47418a4f5b17,
npub139slrjkltav9fazj7va6kkx20htz3cxhw088acaununnuxcee9vqyyg8m2:yuckyButtzVagene,yucky buttz vagene,npub-namespaced,B,2,1,2,key:8961f1ca key:e95c17a9,8961f1cadf5f5854f452f33bab58ca7dd628e0d773ce7ee3bc9f273e1b19c958 e95c17a9b3535c27dafd4b4bbb263eddb1cd2d4692ee945b6e523c0740a52a76,
npub14d6pywa0ed9h7ckvcmkrdw6nl4v2zkk37r4u5x7w03z8wt84unpq65t0tj:s19-19c8345e5aa-2761-group,S19-19c8345e5aa-2761-group,npub-namespaced,B,2,1,2,key:91e445e9 key:ab74123b,91e445e949972424ff1021c1af4cb177ff9fcaa62e5a89849e3862b5cafd5420 ab74123bafcb4b7f62ccc6ec36bb53fd58a15ad1f0ebca1bce7c44772cf5e4c2,
npub14dpnzt355h95uwp5ce60uaqev2sdyx3ty4mrzs9uu9can4k0pwvsgqqxgq:testTunaTutu,test tuna tutu,npub-namespaced,B,2,1,2,key:511258b8 key:ab43312e,511258b8f4f9429327b1c1deb2fd8db4c1b26fe8e7d3d8cbbb432014b7bb60da ab43312e34a5cb4e3834c674fe741962a0d21a2b25763140bce171d9d6cf0b99,
npub16enecjcqe2zd0ahzjkawuhnevmdxxvcl4npyfp6kke6xsunx364qglpyyy:tickleMonstaHouse,tickle monsta house,npub-namespaced,B,2,1,2,key:d6679c4b key:daf0812f,d6679c4b00ca84d7f6e295baee5e7966da63331facc2448756b6746872668eaa daf0812f9c0d157fc31bc205d68c6187f480b1c75874a7177264ef12d566697e,
npub17zdqdjaklrjxyefmd0rwxevs056fxu4zfvvx2c9wag0wzhv4r2tqvk4rh5:shimmyBoySalad,shimmy boy salad,npub-namespaced,B,2,1,2,key:5e7e1a5f key:f09a06cb,5e7e1a5fcd1efdec8a4c33ee21f616066b7d70edde51c6f1404d8f07f0eae6c6 f09a06cbb6f8e462653b6bc6e365907d349372a24b186560aeea1ee15d951a96,
npub183e2mk60muy6l98se9xhl6f28p48uux03gwctytrs6aj2dw8kxcsw0rcm2:s19-19c7d7fb17a-5b46-group,S19-19c7d7fb17a-5b46-group,npub-namespaced,B,2,1,2,key:2c0b7cf9 key:3c72addb,2c0b7cf95324a07d05398b240174dc0c2be444d96b159aa6c7f7b1e668680991 3c72addb4fdf09af94f0c94d7fe92a386a7e70cf8a1d85916386bb2535c7b1b1,
npub183e2mk60muy6l98se9xhl6f28p48uux03gwctytrs6aj2dw8kxcsw0rcm2:s19-19c7d87a642-9903-group,S19-19c7d87a642-9903-group,npub-namespaced,B,2,1,2,key:2c0b7cf9 key:3c72addb,2c0b7cf95324a07d05398b240174dc0c2be444d96b159aa6c7f7b1e668680991 3c72addb4fdf09af94f0c94d7fe92a386a7e70cf8a1d85916386bb2535c7b1b1,
npub183e2mk60muy6l98se9xhl6f28p48uux03gwctytrs6aj2dw8kxcsw0rcm2:s19-19c7dc3b8b2-054b-group,S19-19c7dc3b8b2-054b-group,npub-namespaced,B,2,1,2,key:2c0b7cf9 key:3c72addb,2c0b7cf95324a07d05398b240174dc0c2be444d96b159aa6c7f7b1e668680991 3c72addb4fdf09af94f0c94d7fe92a386a7e70cf8a1d85916386bb2535c7b1b1,
npub183e2mk60muy6l98se9xhl6f28p48uux03gwctytrs6aj2dw8kxcsw0rcm2:s19-19c7dcba180-16de-group,S19-19c7dcba180-16de-group,npub-namespaced,B,2,1,2,key:2c0b7cf9 key:3c72addb,2c0b7cf95324a07d05398b240174dc0c2be444d96b159aa6c7f7b1e668680991 3c72addb4fdf09af94f0c94d7fe92a386a7e70cf8a1d85916386bb2535c7b1b1,
npub19d86sh8tc3yeus070xus600jf672ymygvjswyzpcxu3wxmmgpqmsn506k4:slobbaThaDonk,SLOBBA THA DONK,npub-namespaced,B,2,1,2,key:286fe8cd key:2b4fa85c,286fe8cdb5968fee23436ffb3f5e99bfa6059d77bfc24ce016220aab139b5c58 2b4fa85cebc4499e41fe79b90d3df24ebca26c8864a0e208383722e36f680837,
npub1aewpuzcz5ggvultmsudwvmn3gnyadzcuxmqvw89f3ykwdg7u7w7q7qtrcj:yuckyButt,yucky butt,npub-namespaced,B,2,1,2,key:7592868e key:ee5c1e0b,7592868ecf5bb76e8618cb3457f977f80c6b54c36e321073e116c2d144d4cae3 ee5c1e0b02a210ce7d7b871ae66e7144c9d68b1c36c0c71ca9892ce6a3dcf3bc,
npub1dqflskkn5e2ny3hgpdn43syg2ywdnvt2p0m3h48eut4kkw27dj9snq7ya8:testGoggas,test goggas,npub-namespaced,B,2,1,2,key:6813f85a key:e18f845e,6813f85ad3a6553246e80b6758c088511cd9b16a0bf71bd4f9e2eb6b395e6c8b e18f845ec7a347b05858c8d63b938ddd2503d5c2957a3137b1f337be651ce1ff,
npub1es39x75xamamxmtu7yqz2hjg7tq6yr9rcm5mkt0qrzgt07wdy28qducg0n:testGilbo,test gilbo,npub-namespaced,B,2,1,2,key:cc22537a key:e0dd50a9,cc22537a86eefbb36d7cf100255e48f2c1a20ca3c6e9bb2de01890b7f9cd228e e0dd50a90bea66e32ab8d1aa9ce24890b1b72121fb7a0c7004acae1145ce07e6,
npub1eu8lqngaedqn8jpteme7t3emc64jehrywxe0p52pcrvvps2l2mmq9zu05p:s19-19c83126d11-bf5f-group,S19-19c83126d11-bf5f-group,npub-namespaced,B,2,1,2,key:41c8dd1f key:cf0ff04d,41c8dd1fd4cbea1430ba37763513d08976254fb9bad47e95fe328d24c46a85b7 cf0ff04d1dcb4133c82bcef3e5c73bc6ab2cdc6471b2f0d141c0d8c0c15f56f6,
npub1fncvaa7yppdlnkkd6kxpqhsr0deazl4z7lmkjweymw00j3a5jjesdjg4m7:zonk,ZONK,npub-namespaced,B,2,1,2,key:459fd777 key:4cf0cef7,459fd777db153a6dce4b400a0405ca1a3e277b8829904e9dc3181640a75a836a 4cf0cef7c4085bf9dacdd58c105e037b73d17ea2f7f7693b24db9ef947b494b3,
npub1ghau6c0a3q750u424vj5xtk0fxaqhu5znl4yk5nwnrpq9f09jdesx5uwrh:yuckButtzDonk,yuck buttz DONK,npub-namespaced,B,2,1,2,key:45fbcd61 key:f9b47aae,45fbcd61fd883d47f2aaab25432ecf49ba0bf2829fea4b526e98c202a5e59373 f9b47aaed1d1cce2a9ec5283968ca1668620fec52db97c8785c84959e537850f,
npub1heduqa889nqae3phgg0yre6y6nvtzr6ynhtjsvdscdgxvpzjtsmqc3awh4:myNewGroup,My New Group,npub-namespaced,B,2,1,2,key:a39f1649 key:be5bc074,a39f1649932f6a6424b4161b75d71026e36719e006dd24fadd7f73447bede588 be5bc074e72cc1dcc437421e41e744d4d8b10f449dd72831b0c3506604525c36,
npub1hkyrsqqtgs2kanjfvfutwfqjm40e4v85ud0eeh2kfghlll0hk8hs7gac47:bigZonkay,BIG ZONKAY,npub-namespaced,B,2,1,2,key:350752a7 key:bd883800,350752a75d3067aea5b512b727132c68003348ecf223f77efabf411e2df68f66 bd8838000b44156ece496278b72412dd5f9ab0f4e35f9cdd564a2ffffdf7b1ef,
npub1jyr8c346fwpmna8zq7e4rp0zu5fmh39ndfvjqnkn0srqa3vul9fs8wvyzv:testBollsache,test bollsache,npub-namespaced,B,2,1,2,key:15493b18 key:91067c46,15493b186e634aa66fc5637ee5115c7eeeebe65609c5d8cd0c9b7f0d08b3dd0b 91067c46ba4b83b9f4e207b35185e2e513bbc4b36a59204ed37c060ec59cf953,
npub1k8vgumd608hr49xlqppa67vl7tq77vakykxvsmk2aqy30as27m5qkfg5cm:barbaraFoccacia,barbara foccacia,npub-namespaced,B,2,1,2,key:a43871ba key:b1d88e6d,a43871ba21c1d5e4915c9393728f07d78384208ed9b4ab6f83baefac84efb9b0 b1d88e6dba79ee3a94df0043dd799ff2c1ef33b6258cc86ecae80917f60af6e8,
npub1lfpejvfe66a69zc7fzlxsc9gq4tlz23ecye43dh5uryphwsk3wcsdavmjs:testYagglesack,test yagglesack,npub-namespaced,B,2,1,2,key:3e76cc44 key:fa439931,3e76cc4449a5ff3efffe30715aabd9ff162d353ca0ce849a540b219d3e357570 fa43993139d6bba28b1e48be6860a80557f12a39c13358b6f4e0c81bba168bb1,
npub1mv0d5wxc76rnexts3ll8p0d9u3xvywxsht4stk9umej3ng20mykqkvqppt:turdstinky,turdstinky,npub-namespaced,B,2,1,2,key:67553b9d key:db1eda38,67553b9d8333b0973e0c4ecdfeb84dfec9b2f96cc7e54902494c3f38bf8a504b db1eda38d8f6873c99708ffe70bda5e44cc238d0baeb05d8bcde6519a14fd92c,
npub1q6fpdd3azzkka455mgd8wfg55k9csgsefdlcm6x6z3cu02x2z9ps684gf8:testYuckYuck,test yuck yuck,npub-namespaced,B,2,1,2,key:069216b6 key:e44e4acd,069216b63d10ad6ed694da1a772514a58b8822194b7f8de8da1471c7a8ca1143 e44e4acdb311bab184a58a2dfe38b5aa0f198cd55188e7f6ad3e8b80b48db31b,
npub1rcuh7h6v6hqaz23s8c6d424zr7qdtcu4zqjnfcdgfz833qz3g0aqkrmlfx:testFoggleschmits,test foggleschmits,npub-namespaced,B,2,1,2,key:1e397f5f key:69472b29,1e397f5f4cd5c1d12a303e34daaaa21f80d5e395102534e1a8488f18805143fa 69472b295b0d32839b6ba765b80f750ee7717a8555a7fe76474c2ae70d080347,
npub1rn244v3mnqq57z6g3fcjugu7rg2gveet9am08svph5sqxm6ezcnslalhvc:testGargleMeats,test gargle meats,npub-namespaced,B,2,1,2,key:1cd55ab2 key:f00fb1e7,1cd55ab23b98014f0b488a712e239e1a1486672b2f76f3c181bd20036f591627 f00fb1e7bdd0d4765a69e67916215dc27593bfe6812f7a5d65d8af92ffc6adab,
npub1sg27aflk3mu9vw0kk293rpqmyssvz44pwfde4emane6f70qnxulse3w56a:jimmyJangaSalami,Jimmy JANGA SALAMI,npub-namespaced,B,2,1,2,key:8215eea7 key:8310696a,8215eea7f68ef85639f6b28b11841b2420c156a1725b9ae77d9e749f3c13373f 8310696a3ae8982cd05daf0c528c8d399b638ffaa1408afeb3b6165028f65de8,
npub1svgxj636azvze5za4ux99ryd8xdk8rl659qg4l4nkct9q28kth5qcp6av7:scubaGoodingJrFoundation,SCUBA GOODING JR FOUNDATION,npub-namespaced,B,2,1,2,key:6ce1d910 key:8310696a,6ce1d910f590dd612320b21491b9c3ae3a61453cf68028ba5a46de816ef08d10 8310696a3ae8982cd05daf0c528c8d399b638ffaa1408afeb3b6165028f65de8,
npub1svrmldxn8elnyfkvtcnkrryuhrua6sgcduucyyne2cjpu75ev2dsjffyls:wildSillyBoys,wild silly boys,npub-namespaced,B,2,1,2,key:8307bfb4 key:fb981aaf,8307bfb4d33e7f3226cc5e27618c9cb8f9dd41186f3982127956241e7a99629b fb981aaf6ec2544c741f3219de53536fb0d07b5639154b674d80f9f017da8088,
npub1szhzl9mcrgce6zwwxklvch8vk69hm0chdlc2z772mev464m06x0s2jk4ta:testBeenis,test beenis,npub-namespaced,B,2,1,2,key:6d26c0ca key:80ae2f97,6d26c0ca9e8eeb6ed920cf6c48e4e402a7c1592e1c38a121eb7f9f09482e56f2 80ae2f97781a319d09ce35becc5cecb68b7dbf176ff0a17bcade595d576fd19f,
npub1tjtk48gnrjmuuqqkvt32yr8fhfjmpp7x6ytvvgjx77m6z05yjwus064en7:meatstickDonks,meatstick donks,npub-namespaced,B,2,1,2,key:1dab008b key:5c976a9d,1dab008b8292851d98a382a1b562a70ec930ebe99907eaa533d8943b8dfa7730 5c976a9d131cb7ce001662e2a20ce9ba65b087c6d116c62246f7b7a13e8493b9,
npub1vqnsdlwul0wd59xh6xagtcjedn2vvf2l5cwvz2weffh7ffjfq3gq0352qh:scoobyDoots,Scooby DOOTS,npub-namespaced,B,2,1,2,key:031aea4b key:602706fd,031aea4b7a4fe5a48c4a95898e6807500048f772e62975af88f88f2b8ebbc567 602706fddcfbdcda14d7d1ba85e2596cd4c6255fa61cc129d94a6fe4a6490450,
npub1vyawdp3z3s7n0af0fyens40qzuxyqpwd7csy7vpyfq9daccekpdqltqanf:yelbowFishermen,yelbow fishermen,npub-namespaced,B,2,1,2,key:613ae686 key:8c1a02cf,613ae686228c3d37f52f49333855e0170c4005cdf6204f3024480adee319b05a 8c1a02cf0c3cc041548072e2377152f170a4cf08c2b2a7c57c4d7546ec35e058,
npub1wm5h5sru6mzqnqfg3cl9t5pc5pl0l5066uwr7w9c5dtpewqefn8qw4m4nt:testYarglemeeps,test yarglemeeps,npub-namespaced,B,2,1,2,key:76e97a40 key:e18f845e,76e97a407cd6c40981288e3e55d038a07effd1fad71c3f38b8a3561cb8194cce e18f845ec7a347b05858c8d63b938ddd2503d5c2957a3137b1f337be651ce1ff,
npub1xwkd36h0ek6yahjyz4jljnctezpkksgj9k4tkq94yrd2td0lt8ksmpgxxl:s19-19c82ca9224-a2aa-group,S19-19c82ca9224-a2aa-group,npub-namespaced,B,2,1,2,key:3339498a key:33acd8ea,3339498a6f4e5ba9bbea65f7bd20dc8e5cd89e996879e69088b79770927b52cb 33acd8eaefcdb44ede441565f94f0bc8836b41122daabb00b520daa5b5ff59ed,
npub1y49x8wmm0zgcjt0eqegjketkucnrqhy5m656uqygfauu2m3fszzqqh2lzg:s19-19c83384aa9-60c8-group,S19-19c83384aa9-60c8-group,npub-namespaced,B,2,1,2,key:254a63bb key:dcb5d244,254a63bb7b7891892df906512b6576e626305c94dea9ae00884f79c56e298084 dcb5d2448529d05a886a3b59bffd83e065fc87970e2ff54966a9aa7262b3e3a9,
npub1yge23k5uvrj3k0jss9cw4tadhqspsjf0k9h7ce8nyuqze0kuveqqryp9y8:testMoomoomama,test moomoomama,npub-namespaced,B,2,1,2,key:2232a8da key:dd24948d,2232a8da9c60e51b3e508170eaafadb82018492fb16fec64f327002cbedc6640 dd24948d2c90d248ff9031c71828b4e86c583667b6bcb7cc2bdb9f8cbd22ccfd,
npub1zqhy595g9wgul2tfrugvj8st8u9ptvsew9jm9r3m5ev9598uutesc7eyn4:test24Fresh,test 24 fresh,npub-namespaced,B,2,1,2,key:102e4a16 key:34974b32,102e4a16882b91cfa9691f10c91e0b3f0a15b2197165b28e3ba6585a14fce2f3 34974b32b955e6cfadb034ed19f12cee7269b3e830afe9a28400204af8e69c6a,
camp_tXBtTEUPlg,,human-readable slug,B,2,0,2,key:a55e335c key:e5e56929,a55e335c4537921c7a33e5011011a4b665efe337a4ab2ccb5bd871a9c61d7470 e5e569296aa8c653c94cbdd4b752228820f5470e016590b339cd0f3183d85b79,
friend:1d5d6596be14d3464b5e8deb1947739b350ac84b5525e2f5caa354a8e0c3815d:feeb965a576e778045f33045ee92d9522773235c4be22736078b10e0b89d5980,,human-readable slug,B,2,0,2,key:1d5d6596 key:feeb965a,1d5d6596be14d3464b5e8deb1947739b350ac84b5525e2f5caa354a8e0c3815d feeb965a576e778045f33045ee92d9522773235c4be22736078b10e0b89d5980,
friend:26497f80c698dddf7a2790acdfa7a8982fd559c5f2ce52b4a6e19fc30435637d:e1f1d2184f4e7e9387e0b6374de25b031a3a6a6b4caf4542ac1294c0e53cf3c0,,human-readable slug,B,2,0,2,key:26497f80 key:e1f1d218,26497f80c698dddf7a2790acdfa7a8982fd559c5f2ce52b4a6e19fc30435637d e1f1d2184f4e7e9387e0b6374de25b031a3a6a6b4caf4542ac1294c0e53cf3c0,
friend:502069150214833890f70fd3dc3adab4e5cffdd1186efe2af84f0fa24873d4de:10ce08b45e1185612879d7d83f68faef3499d7d531c17c29a85aaf2aed8b9672,,human-readable slug,B,2,0,2,key:10ce08b4 key:50206915,10ce08b45e1185612879d7d83f68faef3499d7d531c17c29a85aaf2aed8b9672 502069150214833890f70fd3dc3adab4e5cffdd1186efe2af84f0fa24873d4de,
friend:578082c22e35383d4291d22ac3978266056cbed9e991a32d6463c64ce418e1d2:870a11b1df668122fe938eaf0c6d34a240e9321ea3d7fa17915824501b3ff6a2,,human-readable slug,B,2,0,2,key:578082c2 key:870a11b1,578082c22e35383d4291d22ac3978266056cbed9e991a32d6463c64ce418e1d2 870a11b1df668122fe938eaf0c6d34a240e9321ea3d7fa17915824501b3ff6a2,
friend:5af8945d9db2af8dd06feb8f0c0f131be4b920847d02032995b5615b2cd134c6:8c2ab1f3dddad172e14fb60c26971ba8031eca55ce9ac1f039b51a377f8c7a6b,,human-readable slug,B,2,0,2,key:5af8945d key:8c2ab1f3,5af8945d9db2af8dd06feb8f0c0f131be4b920847d02032995b5615b2cd134c6 8c2ab1f3dddad172e14fb60c26971ba8031eca55ce9ac1f039b51a377f8c7a6b,
friend:6fca75bf31841757980a9e0a5e7f39698f824e5978288c20a3f65235224b66c6:8b56989ebbf40daa0693eefbb61d1fc06fecde0af0206982f0cd3141424e33f1,,human-readable slug,B,2,0,2,key:6fca75bf key:8b56989e,6fca75bf31841757980a9e0a5e7f39698f824e5978288c20a3f65235224b66c6 8b56989ebbf40daa0693eefbb61d1fc06fecde0af0206982f0cd3141424e33f1,
friend:98b2793a435c25ad2b900b2ae9f2de1d9b54cc8eb7be92a00334b1301181fe15:fc5bcdfc8a6a381abfab88ffc63af786a3350c23cd6c8f23c53b2a2a1072db17,,human-readable slug,B,2,0,2,key:98b2793a key:fc5bcdfc,98b2793a435c25ad2b900b2ae9f2de1d9b54cc8eb7be92a00334b1301181fe15 fc5bcdfc8a6a381abfab88ffc63af786a3350c23cd6c8f23c53b2a2a1072db17,
friend:b92911e5efb30ad8243f817c7e9a43cbf1ed5a7d38976cbf945d0eac2961a4ac:098069abf1ff3da3b0b0028b65465f990df692319796894387db21cc9edbcdfe,,human-readable slug,B,2,0,2,key:098069ab key:b92911e5,098069abf1ff3da3b0b0028b65465f990df692319796894387db21cc9edbcdfe b92911e5efb30ad8243f817c7e9a43cbf1ed5a7d38976cbf945d0eac2961a4ac,
friend:d8e25a7c23841d9e203e12063f76c0ef44772b4b297eddf232ff330ddeb09bb7:334006c5d8fb2c35bf809364c91955f33b11408de95df47f9f22c1f3fe610189,,human-readable slug,B,2,0,2,key:334006c5 key:d8e25a7c,334006c5d8fb2c35bf809364c91955f33b11408de95df47f9f22c1f3fe610189 d8e25a7c23841d9e203e12063f76c0ef44772b4b297eddf232ff330ddeb09bb7,
friend:d8e25a7c23841d9e203e12063f76c0ef44772b4b297eddf232ff330ddeb09bb7:f9a395e654962bf34c6a34b6358793f88abd40ebdcc156a7f56ef68126e3ae05,,human-readable slug,B,2,0,2,key:d8e25a7c key:f9a395e6,d8e25a7c23841d9e203e12063f76c0ef44772b4b297eddf232ff330ddeb09bb7 f9a395e654962bf34c6a34b6358793f88abd40ebdcc156a7f56ef68126e3ae05,
poker-game,,human-readable slug,C,11,0,0,key:2c84cb0d key:52b3c29a key:69693ff0 key:6e566cc7 key:9c67716c key:a9480917 key:aa758389 key:bc7b36eb key:da0fb4cc key:e41ad39c key:f6db36f1,2c84cb0dc136f6f752fa304ace17803fdad5f10c53062d63e8f9890ea60c13cd 52b3c29a7c9fc52c31ce2c6c7efc1eb97c462058869457dd509824533f8aedf7 69693ff04c040bd7e4742606381fa195db5810b469ee8c02802cb4a1f3327f2b 6e566cc77929452bd245f53ecc193a7e25332855c86299f222acde5740f0db57 9c67716c499c52ec00033091867266fb720019175d70f179d66c4f648ad283da a9480917723e484e104f00ea85f3be951d509e22183a77e01ba3cf3126b89ca4 aa758389d26ec4ac316ada45a9c4d064be1e4aac5404a88231e061a0988d2bcf bc7b36eb7974d0173dc99f279eba1def8342022ab46f68526a4848450955a634 da0fb4cc6f883a58ba42c3a66adf943d48e7fa8d5919cc0c8da2287935dbc501 e41ad39ce9bab2e0fc7a9a693fed17a6767e87bb227b390028f3ff5a972e864f f6db36f1bbd5d49c3aff09b2a73ce76316b74b49acd16e215a5169b23c1e28d9,
26a9cceda473cb1b,💬 General Chat,random hex-16,C,3,1,1,key:385c3a6e key:52623aec key:f9b3bad7,385c3a6ec0b9d57a4330dbd6284989be5bd00e41c535f9ca39b6ae7c521b81cd 52623aecd77c85d99551d17c5c8d688abd0c140a7e08588d6ec01a8000af5a41 f9b3bad79fb66ba0cc9aa049c1ccd974a2249bdb5f1f99d9ddb007852269c79b,wss://public.obelisk.ar
2ed3e14eed731b08b5822cb49863aa53,Zap Cooking Friends,random hex-32,C,2,1,1,key:2798982f key:34263017,2798982ffb0ccd0441e3eb2bb523cffb715ef132141e36de4c5bc5283526e55c 34263017d8d671ee904fc5e1e2e28c8358fb0a689b97a039b1c384e3b68c58e6,wss://pantry.zap.cooking
402bab5511d86a21,🎙️ Voice P2P,random hex-16,C,2,1,1,key:385c3a6e key:f9b3bad7,385c3a6ec0b9d57a4330dbd6284989be5bd00e41c535f9ca39b6ae7c521b81cd f9b3bad79fb66ba0cc9aa049c1ccd974a2249bdb5f1f99d9ddb007852269c79b,
5e20ad1b10932efbd4355b1b5885a9bd,Garlicstr 🧄,random hex-32,C,2,1,1,key:2798982f key:34263017,2798982ffb0ccd0441e3eb2bb523cffb715ef132141e36de4c5bc5283526e55c 34263017d8d671ee904fc5e1e2e28c8358fb0a689b97a039b1c384e3b68c58e6,wss://pantry.zap.cooking
911f9134a48ae0c2,🟣 NOSTR,random hex-16,C,2,1,1,key:385c3a6e key:52623aec,385c3a6ec0b9d57a4330dbd6284989be5bd00e41c535f9ca39b6ae7c521b81cd 52623aecd77c85d99551d17c5c8d688abd0c140a7e08588d6ec01a8000af5a41,
c27e014bcd51c6a87732ac7439fdfbdc,🍳 The Frugal Kitchen,random hex-32,C,2,1,1,key:2798982f key:34263017,2798982ffb0ccd0441e3eb2bb523cffb715ef132141e36de4c5bc5283526e55c 34263017d8d671ee904fc5e1e2e28c8358fb0a689b97a039b1c384e3b68c58e6,wss://pantry.zap.cooking
eb8d9bb9055c1057,Stress Test,random hex-16,C,2,1,1,key:385c3a6e key:52623aec,385c3a6ec0b9d57a4330dbd6284989be5bd00e41c535f9ca39b6ae7c521b81cd 52623aecd77c85d99551d17c5c8d688abd0c140a7e08588d6ec01a8000af5a41,
cascade-car-player,,human-readable slug,C,2,0,0,key:54c507c5 key:ac1374cd,54c507c5fb982213c899b87d5bc82dabd1e889816e1caccadfa1550f5994ed08 ac1374cd1f94d8c9d8b9c3d7758d7d66ada09f8bb272d00d56123882760155f7,
friend:6b7b4bec00dba9c66c1315ed681d1a0c3d2a5d5515005271dba30f17d01c4ebb:c005cef4c72884b6a2bdc057848118b0b45192f697183b7cd1d678d0569ecc60,,human-readable slug,C,2,0,1,key:6b7b4bec key:c005cef4,6b7b4bec00dba9c66c1315ed681d1a0c3d2a5d5515005271dba30f17d01c4ebb c005cef4c72884b6a2bdc057848118b0b45192f697183b7cd1d678d0569ecc60,
friend:d44287f31dc3e444f5295d4718c84de4304ed36a505bf6a252e41f4f6854445b:bb3d712cdb7f2a68cca1b16ce28cb7d96514c0bc38c9a8d40ad86d82b924ffeb,,human-readable slug,C,2,0,0,key:bb3d712c key:d44287f3,bb3d712cdb7f2a68cca1b16ce28cb7d96514c0bc38c9a8d40ad86d82b924ffeb d44287f31dc3e444f5295d4718c84de4304ed36a505bf6a252e41f4f6854445b,
